{
  "timestamp": 1750720247.997369,
  "generation": 0,
  "step_count": 7492,
  "population_health": {
    "population_health": "good",
    "diversity_status": {
      "genotypic_diversity": 20.377943630027126,
      "phenotypic_diversity": 2.119732924415191,
      "behavioral_diversity": 0.1693536890725473,
      "diversity_trend": "stable"
    },
    "evolutionary_dynamics": {
      "selection_pressure": {
        "selection_intensity": 6.293958975026831,
        "elite_advantage": 29.267064565006496,
        "selection_differential": 32.09307495117173,
        "effective_population_size": 0.025243651994538274
      },
      "mutation_effectiveness": {
        "average_mutation_impact": 0.0,
        "mutation_benefit_ratio": 0.0,
        "total_mutations": 0,
        "mutation_diversity": 0.0
      },
      "speciation_quality": {
        "species_count": 0,
        "species_size_distribution": [
          29,
          1
        ],
        "species_fitness_variance": [
          43.580589849155075,
          0.0
        ],
        "niche_formation_quality": 0.5333333333333333
      },
      "extinction_risk": 0.4
    },
    "fitness_landscape": {
      "distribution": {
        "mean": 1.126287078873564,
        "std": 6.503492915673746,
        "min": -1.6930566406250043,
        "max": 30.400018310546727,
        "median": -0.8812817382812506,
        "q25": -0.8822920608520514,
        "q75": -0.6774910736084023,
        "skewness": 3.6664032899204173,
        "kurtosis": 12.44158007038258,
        "coefficient_variation": 5.774276414658063
      },
      "pareto_front": {
        "pareto_front_size": 5,
        "pareto_front_ratio": 0.16666666666666666,
        "hypervolume": 52.914899429912495,
        "diversity_on_front": 19.943232860667283
      },
      "multi_objective": {
        "weighted_fitness": 0.8211405713801732,
        "balanced_performance": 0.679931788606802,
        "trade_off_quality": 0.679931788606802
      }
    }
  },
  "training_summary": {
    "training_health": "good",
    "performance_trends": {
      "fitness_trend": 1.3614611298531962,
      "convergence_speed": 0.04478487861242052,
      "improvement_rate": 0.0,
      "plateau_detected": "False"
    },
    "stability_metrics": {
      "training_variance": 0.32852698725275403,
      "elite_preservation": 0.5555555555555556,
      "diversity_maintenance": 1.0000000000000002,
      "forgetting_rate": 0.0
    },
    "efficiency_metrics": {
      "computational_efficiency": 0.2331016745827288,
      "memory_efficiency": 0.4748263994813888,
      "time_per_improvement": 4.268097289204801
    },
    "system_health": {
      "cpu_usage": 93.9,
      "memory_usage": 245.5078125,
      "training_fps": 0.177536823787008
    }
  },
  "fitness_distribution": {
    "mean": 1.126287078873564,
    "std": 6.503492915673746,
    "min": -1.6930566406250043,
    "max": 30.400018310546727,
    "median": -0.8812817382812506,
    "q25": -0.8822920608520514,
    "q75": -0.6774910736084023,
    "skewness": 3.6664032899204173,
    "kurtosis": 12.44158007038258,
    "coefficient_variation": 5.774276414658063
  },
  "diversity_metrics": {
    "genotypic": 20.377943630027126,
    "phenotypic": 2.119732924415191,
    "behavioral": 0.1693536890725473
  }
}