{
  "timestamp": 1750720618.4859288,
  "generation": 1,
  "step_count": 20271,
  "population_health": {
    "population_health": "excellent",
    "diversity_status": {
      "genotypic_diversity": 25.847676260537945,
      "phenotypic_diversity": 2.3051165971506546,
      "behavioral_diversity": 0.13545871328512357,
      "diversity_trend": "stable"
    },
    "evolutionary_dynamics": {
      "selection_pressure": {
        "selection_intensity": 1.1422731197988578,
        "elite_advantage": 57.48423330286877,
        "selection_differential": 81.73731811523423,
        "effective_population_size": 0.766408099863106
      },
      "mutation_effectiveness": {
        "average_mutation_impact": 0.0,
        "mutation_benefit_ratio": 0.0,
        "total_mutations": 0,
        "mutation_diversity": 0.0
      },
      "speciation_quality": {
        "species_count": 26,
        "species_size_distribution": [
          26,
          2,
          1,
          1
        ],
        "species_fitness_variance": [
          642.2879422438907,
          1165.9912527669783,
          0.0,
          0.0
        ],
        "niche_formation_quality": 0.2874147224522684
      },
      "extinction_risk": 0.0
    },
    "fitness_landscape": {
      "distribution": {
        "mean": 22.321730645698786,
        "std": 25.39476558129141,
        "min": -1.9146875000000043,
        "max": 79.72263061523422,
        "median": 11.524065551757811,
        "q25": 0.06836153030395664,
        "q75": 37.16354034423825,
        "skewness": 0.9201975618442657,
        "kurtosis": -0.5250272603279553,
        "coefficient_variation": 1.1376701020350666
      },
      "pareto_front": {
        "pareto_front_size": 5,
        "pareto_front_ratio": 0.16666666666666666,
        "hypervolume": 881.7115068279296,
        "diversity_on_front": 38.35057368612482
      },
      "multi_objective": {
        "weighted_fitness": 13.57392974986956,
        "balanced_performance": 7.797618041538976,
        "trade_off_quality": 7.797618041538976
      }
    }
  },
  "training_summary": {
    "training_health": "excellent",
    "performance_trends": {
      "fitness_trend": 6.374308249733655,
      "convergence_speed": 0.07995607019665488,
      "improvement_rate": 0.2347336241772113,
      "plateau_detected": false
    },
    "stability_metrics": {
      "training_variance": 0.7906688204414485,
      "elite_preservation": 0.8888888888888888,
      "diversity_maintenance": 1.0000000000000002,
      "forgetting_rate": 0.0
    },
    "efficiency_metrics": {
      "computational_efficiency": 0.3518318136416706,
      "memory_efficiency": 1.0014717816134238,
      "time_per_improvement": 3.8260978069197615
    },
    "system_health": {
      "cpu_usage": 83.0,
      "memory_usage": 286.86328125,
      "training_fps": 0.032651235656443255
    }
  },
  "fitness_distribution": {
    "mean": 22.321730645698786,
    "std": 25.39476558129141,
    "min": -1.9146875000000043,
    "max": 79.72263061523422,
    "median": 11.524065551757811,
    "q25": 0.06836153030395664,
    "q75": 37.16354034423825,
    "skewness": 0.9201975618442657,
    "kurtosis": -0.5250272603279553,
    "coefficient_variation": 1.1376701020350666
  },
  "diversity_metrics": {
    "genotypic": 25.847676260537945,
    "phenotypic": 2.3051165971506546,
    "behavioral": 0.13545871328512357
  }
}