{
  "timestamp": 1750720253.9349222,
  "generation": 0,
  "step_count": 7848,
  "population_health": {
    "population_health": "good",
    "diversity_status": {
      "genotypic_diversity": 20.377943630027126,
      "phenotypic_diversity": 2.146798049572469,
      "behavioral_diversity": 0.19346163200091857,
      "diversity_trend": "stable"
    },
    "evolutionary_dynamics": {
      "selection_pressure": {
        "selection_intensity": 5.926577740763997,
        "elite_advantage": 32.157686105076046,
        "selection_differential": 35.17148803710919,
        "effective_population_size": 0.02847029904541378
      },
      "mutation_effectiveness": {
        "average_mutation_impact": 0.0,
        "mutation_benefit_ratio": 0.0,
        "total_mutations": 0,
        "mutation_diversity": 0.0
      },
      "speciation_quality": {
        "species_count": 0,
        "species_size_distribution": [
          29,
          1
        ],
        "species_fitness_variance": [
          50.02448028840004,
          0.0
        ],
        "niche_formation_quality": 0.5333333333333333
      },
      "extinction_risk": 0.4
    },
    "fitness_landscape": {
      "distribution": {
        "mean": 1.2686220817727332,
        "std": 6.967559245848568,
        "min": -1.7385131835937495,
        "max": 33.43297485351545,
        "median": -0.8812817382812506,
        "q25": -0.8822920608520514,
        "q75": -0.6774910736084023,
        "skewness": 3.771396444712814,
        "kurtosis": 13.43081427591859,
        "coefficient_variation": 5.4922260505763205
      },
      "pareto_front": {
        "pareto_front_size": 5,
        "pareto_front_ratio": 0.16666666666666666,
        "hypervolume": 60.37673959778603,
        "diversity_on_front": 21.085210693970005
      },
      "multi_objective": {
        "weighted_fitness": 0.9067188481419706,
        "balanced_performance": 0.7276722479436847,
        "trade_off_quality": 0.7276722479436847
      }
    }
  },
  "training_summary": {
    "training_health": "good",
    "performance_trends": {
      "fitness_trend": 1.7486533979935812,
      "convergence_speed": 0.05230325466564672,
      "improvement_rate": 0.0,
      "plateau_detected": "False"
    },
    "stability_metrics": {
      "training_variance": 0.26370636713690293,
      "elite_preservation": 0.6666666666666666,
      "diversity_maintenance": 1.0000000000000002,
      "forgetting_rate": 0.0
    },
    "efficiency_metrics": {
      "computational_efficiency": 0.29338553640968146,
      "memory_efficiency": 0.5073710096923324,
      "time_per_improvement": 3.4033549853049787
    },
    "system_health": {
      "cpu_usage": 90.9,
      "memory_usage": 247.37890625,
      "training_fps": 0.1771224608701146
    }
  },
  "fitness_distribution": {
    "mean": 1.2686220817727332,
    "std": 6.967559245848568,
    "min": -1.7385131835937495,
    "max": 33.43297485351545,
    "median": -0.8812817382812506,
    "q25": -0.8822920608520514,
    "q75": -0.6774910736084023,
    "skewness": 3.771396444712814,
    "kurtosis": 13.43081427591859,
    "coefficient_variation": 5.4922260505763205
  },
  "diversity_metrics": {
    "genotypic": 20.377943630027126,
    "phenotypic": 2.146798049572469,
    "behavioral": 0.19346163200091857
  }
}