{
  "timestamp": 1750720162.871382,
  "generation": 0,
  "step_count": 2384,
  "population_health": {
    "population_health": "fair",
    "diversity_status": {
      "genotypic_diversity": 20.377943630027126,
      "phenotypic_diversity": 2.10872347093942,
      "behavioral_diversity": 0.16263483732447265,
      "diversity_trend": "stable"
    },
    "evolutionary_dynamics": {
      "selection_pressure": {
        "selection_intensity": 0.0,
        "elite_advantage": 6.713300977770243,
        "selection_differential": 7.264612426757815,
        "effective_population_size": 0.07394028656303597
      },
      "mutation_effectiveness": {
        "average_mutation_impact": 0.0,
        "mutation_benefit_ratio": 0.0,
        "total_mutations": 0,
        "mutation_diversity": 0.0
      },
      "speciation_quality": {
        "species_count": 0,
        "species_size_distribution": [
          29,
          1
        ],
        "species_fitness_variance": [
          2.8081596042463777,
          0.0
        ],
        "niche_formation_quality": 0.17101580919622933
      },
      "extinction_risk": 0.4
    },
    "fitness_landscape": {
      "distribution": {
        "mean": -0.35548461221034433,
        "std": 1.6529332148489357,
        "min": -1.0001293945312504,
        "max": 6.364483032226564,
        "median": -0.8814839172363287,
        "q25": -0.8823061752319342,
        "q75": -0.8631219482421881,
        "skewness": 3.285498188770761,
        "kurtosis": 9.435017249488588,
        "coefficient_variation": 0.0
      },
      "pareto_front": {
        "pareto_front_size": 9,
        "pareto_front_ratio": 0.3,
        "hypervolume": 1.323132199714997,
        "diversity_on_front": 8.549224574876407
      },
      "multi_objective": {
        "weighted_fitness": -0.07005670920440611,
        "balanced_performance": 0.1824507816884416,
        "trade_off_quality": -0.07005670920440611
      }
    }
  },
  "training_summary": {
    "training_health": "good",
    "performance_trends": {
      "fitness_trend": 0.7788017054966518,
      "convergence_speed": 0.0,
      "improvement_rate": 0.0,
      "plateau_detected": false
    },
    "stability_metrics": {
      "training_variance": 0.0,
      "elite_preservation": 0.0,
      "diversity_maintenance": 0.0,
      "forgetting_rate": 0.0
    },
    "efficiency_metrics": {
      "computational_efficiency": 0.2159165687929457,
      "memory_efficiency": 0.11310709172162448,
      "time_per_improvement": 6.030902023248044
    },
    "system_health": {
      "cpu_usage": 90.6,
      "memory_usage": 237.75390625,
      "training_fps": 0.1806206968736896
    }
  },
  "fitness_distribution": {
    "mean": -0.35548461221034433,
    "std": 1.6529332148489357,
    "min": -1.0001293945312504,
    "max": 6.364483032226564,
    "median": -0.8814839172363287,
    "q25": -0.8823061752319342,
    "q75": -0.8631219482421881,
    "skewness": 3.285498188770761,
    "kurtosis": 9.435017249488588,
    "coefficient_variation": 0.0
  },
  "diversity_metrics": {
    "genotypic": 20.377943630027126,
    "phenotypic": 2.10872347093942,
    "behavioral": 0.16263483732447265
  }
}