{
  "timestamp": 1750720209.3989983,
  "generation": 0,
  "step_count": 5176,
  "population_health": {
    "population_health": "good",
    "diversity_status": {
      "genotypic_diversity": 20.377943630027126,
      "phenotypic_diversity": 2.060268750660099,
      "behavioral_diversity": 0.11392910777591693,
      "diversity_trend": "stable"
    },
    "evolutionary_dynamics": {
      "selection_pressure": {
        "selection_intensity": 13.00684649175597,
        "elite_advantage": 18.221963532749584,
        "selection_differential": 20.40269897460941,
        "effective_population_size": 0.005910932101082299
      },
      "mutation_effectiveness": {
        "average_mutation_impact": 0.0,
        "mutation_benefit_ratio": 0.0,
        "total_mutations": 0,
        "mutation_diversity": 0.0
      },
      "speciation_quality": {
        "species_count": 0,
        "species_size_distribution": [
          29,
          1
        ],
        "species_fitness_variance": [
          18.932347434593634,
          0.0
        ],
        "niche_formation_quality": 0.3722882243450303
      },
      "extinction_risk": 0.4
    },
    "fitness_landscape": {
      "distribution": {
        "mean": 0.4227687263650194,
        "std": 4.287044331350301,
        "min": -1.7513000488281394,
        "max": 18.651398925781272,
        "median": -0.8814839172363287,
        "q25": -0.8824637222290045,
        "q75": -0.8598795509338389,
        "skewness": 3.4870738472260223,
        "kurtosis": 10.811038778701464,
        "coefficient_variation": 10.140400800717833
      },
      "pareto_front": {
        "pareto_front_size": 3,
        "pareto_front_ratio": 0.1,
        "hypervolume": 40.68215710333616,
        "diversity_on_front": 14.172124091313648
      },
      "multi_objective": {
        "weighted_fitness": 0.3980559656494814,
        "balanced_performance": 0.4438030140613449,
        "trade_off_quality": 0.3980559656494814
      }
    }
  },
  "training_summary": {
    "training_health": "good",
    "performance_trends": {
      "fitness_trend": 1.663131284771547,
      "convergence_speed": 0.08916925166790841,
      "improvement_rate": 0.0,
      "plateau_detected": false
    },
    "stability_metrics": {
      "training_variance": 0.8691403662170519,
      "elite_preservation": 0.4444444444444444,
      "diversity_maintenance": 1.0000000000000002,
      "forgetting_rate": 0.0
    },
    "efficiency_metrics": {
      "computational_efficiency": 0.3247313971261175,
      "memory_efficiency": 0.30871104243955433,
      "time_per_improvement": 3.1210160652381083
    },
    "system_health": {
      "cpu_usage": 90.9,
      "memory_usage": 242.5546875,
      "training_fps": 0.17580907495542322
    }
  },
  "fitness_distribution": {
    "mean": 0.4227687263650194,
    "std": 4.287044331350301,
    "min": -1.7513000488281394,
    "max": 18.651398925781272,
    "median": -0.8814839172363287,
    "q25": -0.8824637222290045,
    "q75": -0.8598795509338389,
    "skewness": 3.4870738472260223,
    "kurtosis": 10.811038778701464,
    "coefficient_variation": 10.140400800717833
  },
  "diversity_metrics": {
    "genotypic": 20.377943630027126,
    "phenotypic": 2.060268750660099,
    "behavioral": 0.11392910777591693
  }
}