{
  "timestamp": 1750720343.290469,
  "generation": 0,
  "step_count": 3760,
  "population_health": {
    "population_health": "good",
    "diversity_status": {
      "genotypic_diversity": 25.847676260537945,
      "phenotypic_diversity": 2.1412225727899363,
      "behavioral_diversity": 0.15384358162711367,
      "diversity_trend": "insufficient_data"
    },
    "evolutionary_dynamics": {
      "selection_pressure": {
        "selection_intensity": 0.0,
        "elite_advantage": 7.932658254209908,
        "selection_differential": 8.678064575195314,
        "effective_population_size": 0.018232587967665918
      },
      "mutation_effectiveness": {
        "average_mutation_impact": 0.0,
        "mutation_benefit_ratio": 0.0,
        "total_mutations": 0,
        "mutation_diversity": 0.0
      },
      "speciation_quality": {
        "species_count": 0,
        "species_size_distribution": [
          26,
          2,
          1,
          1
        ],
        "species_fitness_variance": [
          1.1848213309293492,
          1.2978727463632663e-05,
          0.0,
          0.0
        ],
        "niche_formation_quality": 0.2874147224522684
      },
      "extinction_risk": 0.4
    },
    "fitness_landscape": {
      "distribution": {
        "mean": -0.1589965517359488,
        "std": 1.7965961195370341,
        "min": -0.9834698486328131,
        "max": 7.790328369140625,
        "median": -0.8814892578125006,
        "q25": -0.8824608612060553,
        "q75": -0.6822077941894569,
        "skewness": 3.1843393578387396,
        "kurtosis": 10.362894808932433,
        "coefficient_variation": 0.0
      },
      "pareto_front": {
        "pareto_front_size": 3,
        "pareto_front_ratio": 0.1,
        "hypervolume": 2.2629171384460878,
        "diversity_on_front": 16.447682231657343
      },
      "multi_objective": {
        "weighted_fitness": 0.053967483527762004,
        "balanced_performance": 0.25149906259245797,
        "trade_off_quality": 0.053967483527762004
      }
    }
  },
  "training_summary": {
    "training_health": "excellent",
    "performance_trends": {
      "fitness_trend": 0.0,
      "convergence_speed": 0.0,
      "improvement_rate": 0.0,
      "plateau_detected": false
    },
    "stability_metrics": {
      "training_variance": 0.0,
      "elite_preservation": 0.0,
      "diversity_maintenance": 0.0,
      "forgetting_rate": 0.0
    },
    "efficiency_metrics": {
      "computational_efficiency": 0.0,
      "memory_efficiency": 0.1082694930781759,
      "time_per_improvement": 0.0
    },
    "system_health": {
      "cpu_usage": 83.7,
      "memory_usage": 279.2109375,
      "training_fps": 0.032428675335183066
    }
  },
  "fitness_distribution": {
    "mean": -0.1589965517359488,
    "std": 1.7965961195370341,
    "min": -0.9834698486328131,
    "max": 7.790328369140625,
    "median": -0.8814892578125006,
    "q25": -0.8824608612060553,
    "q75": -0.6822077941894569,
    "skewness": 3.1843393578387396,
    "kurtosis": 10.362894808932433,
    "coefficient_variation": 0.0
  },
  "diversity_metrics": {
    "genotypic": 25.847676260537945,
    "phenotypic": 2.1412225727899363,
    "behavioral": 0.15384358162711367
  }
}