{
  "timestamp": 1750720231.6812835,
  "generation": 0,
  "step_count": 6513,
  "population_health": {
    "population_health": "good",
    "diversity_status": {
      "genotypic_diversity": 20.377943630027126,
      "phenotypic_diversity": 2.1284772717513185,
      "behavioral_diversity": 0.17908821699918562,
      "diversity_trend": "stable"
    },
    "evolutionary_dynamics": {
      "selection_pressure": {
        "selection_intensity": 7.363916664384371,
        "elite_advantage": 21.91706597135829,
        "selection_differential": 24.50841186523431,
        "effective_population_size": 0.018440906670752055
      },
      "mutation_effectiveness": {
        "average_mutation_impact": 0.0,
        "mutation_benefit_ratio": 0.0,
        "total_mutations": 0,
        "mutation_diversity": 0.0
      },
      "speciation_quality": {
        "species_count": 0,
        "species_size_distribution": [
          29,
          1
        ],
        "species_fitness_variance": [
          30.07036374294796,
          0.0
        ],
        "niche_formation_quality": 0.4767679150941001
      },
      "extinction_risk": 0.4
    },
    "fitness_landscape": {
      "distribution": {
        "mean": 0.8267568639280897,
        "std": 5.403057299437053,
        "min": -1.7579223632812644,
        "max": 22.750489501953048,
        "median": -0.8812817382812506,
        "q25": -0.8822920608520514,
        "q75": -0.7665409851074245,
        "skewness": 3.3933297156716753,
        "kurtosis": 9.97915296918846,
        "coefficient_variation": 6.535243352883739
      },
      "pareto_front": {
        "pareto_front_size": 4,
        "pareto_front_ratio": 0.13333333333333333,
        "hypervolume": 46.58063060399832,
        "diversity_on_front": 15.293020016315594
      },
      "multi_objective": {
        "weighted_fitness": 0.6410133654381752,
        "balanced_performance": 0.5794065886671212,
        "trade_off_quality": 0.5794065886671212
      }
    }
  },
  "training_summary": {
    "training_health": "excellent",
    "performance_trends": {
      "fitness_trend": 0.2771379690459258,
      "convergence_speed": 0.012181626642456835,
      "improvement_rate": 0.0,
      "plateau_detected": "False"
    },
    "stability_metrics": {
      "training_variance": 0.6042241647524088,
      "elite_preservation": 0.2222222222222222,
      "diversity_maintenance": 1.0000000000000002,
      "forgetting_rate": 0.15789473684210525
    },
    "efficiency_metrics": {
      "computational_efficiency": 0.0794975967393987,
      "memory_efficiency": 0.35308428690512156,
      "time_per_improvement": 13.232193299844685
    },
    "system_health": {
      "cpu_usage": 90.0,
      "memory_usage": 245.91796875,
      "training_fps": 0.17659931933903228
    }
  },
  "fitness_distribution": {
    "mean": 0.8267568639280897,
    "std": 5.403057299437053,
    "min": -1.7579223632812644,
    "max": 22.750489501953048,
    "median": -0.8812817382812506,
    "q25": -0.8822920608520514,
    "q75": -0.7665409851074245,
    "skewness": 3.3933297156716753,
    "kurtosis": 9.97915296918846,
    "coefficient_variation": 6.535243352883739
  },
  "diversity_metrics": {
    "genotypic": 20.377943630027126,
    "phenotypic": 2.1284772717513185,
    "behavioral": 0.17908821699918562
  }
}