{
  "timestamp": 1750720008.5760949,
  "generation": 0,
  "step_count": 1371,
  "population_health": {
    "population_health": "poor",
    "diversity_status": {
      "genotypic_diversity": 27.420320577834655,
      "phenotypic_diversity": 2.0023921101479774,
      "behavioral_diversity": 0.13361081064078334,
      "diversity_trend": "stable"
    },
    "evolutionary_dynamics": {
      "selection_pressure": {
        "selection_intensity": 0.0,
        "elite_advantage": 1.1419034871098885,
        "selection_differential": 1.2005538940429674,
        "effective_population_size": 19.74385758213243
      },
      "mutation_effectiveness": {
        "average_mutation_impact": 0.0,
        "mutation_benefit_ratio": 0.0,
        "total_mutations": 0,
        "mutation_diversity": 0.0
      },
      "speciation_quality": {
        "species_count": 0,
        "species_size_distribution": [
          26,
          2,
          2
        ],
        "species_fitness_variance": [
          0.05164195124634499,
          4.6499405056235586e-06,
          1.4112899079918945e-05
        ],
        "niche_formation_quality": -0.05498578780168446
      },
      "extinction_risk": 0.6
    },
    "fitness_landscape": {
      "distribution": {
        "mean": -0.8525120076177025,
        "std": 0.21591488435884348,
        "min": -0.9814099121093756,
        "max": 0.2993914794921857,
        "median": -0.8823053011856979,
        "q25": -0.8834755706787115,
        "q75": -0.8815975952148443,
        "skewness": 5.038917962772582,
        "kurtosis": 24.015204122789108,
        "coefficient_variation": 0.0
      },
      "pareto_front": {
        "pareto_front_size": 20,
        "pareto_front_ratio": 0.6666666666666666,
        "hypervolume": 0.00020199981904370999,
        "diversity_on_front": 3.2096554333864047
      },
      "multi_objective": {
        "weighted_fitness": -0.3671255969284805,
        "balanced_performance": 0.01646534353100087,
        "trade_off_quality": -0.3671255969284805
      }
    }
  },
  "training_summary": {
    "training_health": "excellent",
    "performance_trends": {
      "fitness_trend": 0.04071551513671833,
      "convergence_speed": 0.0,
      "improvement_rate": 0.007548073968351014,
      "plateau_detected": false
    },
    "stability_metrics": {
      "training_variance": 0.0,
      "elite_preservation": 0.0,
      "diversity_maintenance": 0.0,
      "forgetting_rate": 0.0
    },
    "efficiency_metrics": {
      "computational_efficiency": 0.0,
      "memory_efficiency": 0.004258958588019534,
      "time_per_improvement": 117.08851404505509
    },
    "system_health": {
      "cpu_usage": 88.4,
      "memory_usage": 272.9375,
      "training_fps": 0.18289312330927965
    }
  },
  "fitness_distribution": {
    "mean": -0.8525120076177025,
    "std": 0.21591488435884348,
    "min": -0.9814099121093756,
    "max": 0.2993914794921857,
    "median": -0.8823053011856979,
    "q25": -0.8834755706787115,
    "q75": -0.8815975952148443,
    "skewness": 5.038917962772582,
    "kurtosis": 24.015204122789108,
    "coefficient_variation": 0.0
  },
  "diversity_metrics": {
    "genotypic": 27.420320577834655,
    "phenotypic": 2.0023921101479774,
    "behavioral": 0.13361081064078334
  }
}