{
  "timestamp": 1750720312.5113523,
  "generation": 0,
  "step_count": 1913,
  "population_health": {
    "population_health": "fair",
    "diversity_status": {
      "genotypic_diversity": 25.847676260537945,
      "phenotypic_diversity": 2.1309949601102964,
      "behavioral_diversity": 0.14902754473290886,
      "diversity_trend": "insufficient_data"
    },
    "evolutionary_dynamics": {
      "selection_pressure": {
        "selection_intensity": 0.0,
        "elite_advantage": 2.8999875185328223,
        "selection_differential": 3.256752929687501,
        "effective_population_size": 0.6103746098580041
      },
      "mutation_effectiveness": {
        "average_mutation_impact": 0.0,
        "mutation_benefit_ratio": 0.0,
        "total_mutations": 0,
        "mutation_diversity": 0.0
      },
      "speciation_quality": {
        "species_count": 0,
        "species_size_distribution": [
          26,
          2,
          1,
          1
        ],
        "species_fitness_variance": [
          0.7226074657964477,
          1.2978727463632663e-05,
          0.0,
          0.0
        ],
        "niche_formation_quality": 0.21482082180751594
      },
      "extinction_risk": 0.4
    },
    "fitness_landscape": {
      "distribution": {
        "mean": -0.5876289166448025,
        "std": 0.8528450182727634,
        "min": -0.9834698486328131,
        "max": 2.3290252685546866,
        "median": -0.8820767211914069,
        "q25": -0.8834759521484381,
        "q75": -0.8732953643798836,
        "skewness": 2.7663615098821963,
        "kurtosis": 6.052726374192996,
        "coefficient_variation": 0.0
      },
      "pareto_front": {
        "pareto_front_size": 8,
        "pareto_front_ratio": 0.26666666666666666,
        "hypervolume": 0.13695880403057628,
        "diversity_on_front": 9.004158566179155
      },
      "multi_objective": {
        "weighted_fitness": -0.20383733663059453,
        "balanced_performance": 0.10757927226776634,
        "trade_off_quality": -0.20383733663059453
      }
    }
  },
  "training_summary": {
    "training_health": "excellent",
    "performance_trends": {
      "fitness_trend": 0.0,
      "convergence_speed": 0.0,
      "improvement_rate": 0.0,
      "plateau_detected": false
    },
    "stability_metrics": {
      "training_variance": 0.0,
      "elite_preservation": 0.0,
      "diversity_maintenance": 0.0,
      "forgetting_rate": 0.0
    },
    "efficiency_metrics": {
      "computational_efficiency": 0.0,
      "memory_efficiency": 0.034899933783071865,
      "time_per_improvement": 0.0
    },
    "system_health": {
      "cpu_usage": 78.5,
      "memory_usage": 273.9921875,
      "training_fps": 0.03236914686654254
    }
  },
  "fitness_distribution": {
    "mean": -0.5876289166448025,
    "std": 0.8528450182727634,
    "min": -0.9834698486328131,
    "max": 2.3290252685546866,
    "median": -0.8820767211914069,
    "q25": -0.8834759521484381,
    "q75": -0.8732953643798836,
    "skewness": 2.7663615098821963,
    "kurtosis": 6.052726374192996,
    "coefficient_variation": 0.0
  },
  "diversity_metrics": {
    "genotypic": 25.847676260537945,
    "phenotypic": 2.1309949601102964,
    "behavioral": 0.14902754473290886
  }
}