{
  "timestamp": 1750719997.991247,
  "generation": 0,
  "step_count": 736,
  "population_health": {
    "population_health": "poor",
    "diversity_status": {
      "genotypic_diversity": 27.420320577834655,
      "phenotypic_diversity": 2.2706261089788957,
      "behavioral_diversity": 0.10817245847638293,
      "diversity_trend": "insufficient_data"
    },
    "evolutionary_dynamics": {
      "selection_pressure": {
        "selection_intensity": 0.0,
        "elite_advantage": 0.014134124978135043,
        "selection_differential": 0.03328399658203118,
        "effective_population_size": 30.0
      },
      "mutation_effectiveness": {
        "average_mutation_impact": 0.0,
        "mutation_benefit_ratio": 0.0,
        "total_mutations": 0,
        "mutation_diversity": 0.0
      },
      "speciation_quality": {
        "species_count": 0,
        "species_size_distribution": [
          26,
          2,
          2
        ],
        "species_fitness_variance": [
          3.3509748173873326e-05,
          9.989016689359032e-07,
          1.4112899079918945e-05
        ],
        "niche_formation_quality": -0.06399932388306916
      },
      "extinction_risk": 0.6
    },
    "fitness_landscape": {
      "distribution": {
        "mean": -0.8915303652125104,
        "std": 0.02963998680659101,
        "min": -0.9814099121093756,
        "max": -0.8673962402343756,
        "median": -0.8823053011856979,
        "q25": -0.8845196533203131,
        "q75": -0.8815975952148443,
        "skewness": -2.504900575777884,
        "kurtosis": 4.638385861764252,
        "coefficient_variation": 0.0
      },
      "pareto_front": {
        "pareto_front_size": 14,
        "pareto_front_ratio": 0.4666666666666667,
        "hypervolume": 0.0,
        "diversity_on_front": 3.3194522663560764
      },
      "multi_objective": {
        "weighted_fitness": -0.39059478719293617,
        "balanced_performance": 0.003362264820113202,
        "trade_off_quality": -0.39059478719293617
      }
    }
  },
  "training_summary": {
    "training_health": "excellent",
    "performance_trends": {
      "fitness_trend": 0.0,
      "convergence_speed": 0.0,
      "improvement_rate": 0.0,
      "plateau_detected": false
    },
    "stability_metrics": {
      "training_variance": 0.0,
      "elite_preservation": 0.0,
      "diversity_maintenance": 0.0,
      "forgetting_rate": 0.0
    },
    "efficiency_metrics": {
      "computational_efficiency": 0.0,
      "memory_efficiency": 0.0017958237291303264,
      "time_per_improvement": 0.0
    },
    "system_health": {
      "cpu_usage": 88.3,
      "memory_usage": 265.71875,
      "training_fps": 0.17714761609386437
    }
  },
  "fitness_distribution": {
    "mean": -0.8915303652125104,
    "std": 0.02963998680659101,
    "min": -0.9814099121093756,
    "max": -0.8673962402343756,
    "median": -0.8823053011856979,
    "q25": -0.8845196533203131,
    "q75": -0.8815975952148443,
    "skewness": -2.504900575777884,
    "kurtosis": 4.638385861764252,
    "coefficient_variation": 0.0
  },
  "diversity_metrics": {
    "genotypic": 27.420320577834655,
    "phenotypic": 2.2706261089788957,
    "behavioral": 0.10817245847638293
  }
}