{
  "timestamp": 1750720225.9576046,
  "generation": 0,
  "step_count": 6169,
  "population_health": {
    "population_health": "good",
    "diversity_status": {
      "genotypic_diversity": 20.377943630027126,
      "phenotypic_diversity": 2.1223480735414926,
      "behavioral_diversity": 0.1749728867561669,
      "diversity_trend": "stable"
    },
    "evolutionary_dynamics": {
      "selection_pressure": {
        "selection_intensity": 8.27685451076111,
        "elite_advantage": 19.596487816476557,
        "selection_differential": 22.06768798828125,
        "effective_population_size": 0.014597193242229141
      },
      "mutation_effectiveness": {
        "average_mutation_impact": 0.0,
        "mutation_benefit_ratio": 0.0,
        "total_mutations": 0,
        "mutation_diversity": 0.0
      },
      "speciation_quality": {
        "species_count": 0,
        "species_size_distribution": [
          29,
          1
        ],
        "species_fitness_variance": [
          26.563679142467404,
          0.0
        ],
        "niche_formation_quality": 0.4456957455928945
      },
      "extinction_risk": 0.4
    },
    "fitness_landscape": {
      "distribution": {
        "mean": 0.7066111418567611,
        "std": 5.078180948384516,
        "min": -1.7579223632812644,
        "max": 20.309765624999986,
        "median": -0.8812440490722662,
        "q25": -0.8822920608520514,
        "q75": -0.8105130004882818,
        "skewness": 3.3581331329048916,
        "kurtosis": 9.593517098572537,
        "coefficient_variation": 7.18666979272445
      },
      "pareto_front": {
        "pareto_front_size": 6,
        "pareto_front_ratio": 0.2,
        "hypervolume": 27.740367068274097,
        "diversity_on_front": 14.163811053507086
      },
      "multi_objective": {
        "weighted_fitness": 0.5687650849924154,
        "balanced_performance": 0.539089935971741,
        "trade_off_quality": 0.539089935971741
      }
    }
  },
  "training_summary": {
    "training_health": "good",
    "performance_trends": {
      "fitness_trend": 0.1644108923709793,
      "convergence_speed": 0.008095164435014469,
      "improvement_rate": 0.0,
      "plateau_detected": false
    },
    "stability_metrics": {
      "training_variance": 0.6476684111293722,
      "elite_preservation": 0.2222222222222222,
      "diversity_maintenance": 1.0000000000000002,
      "forgetting_rate": 0.0
    },
    "efficiency_metrics": {
      "computational_efficiency": 0.06709740232230091,
      "memory_efficiency": 0.3207860315893384,
      "time_per_improvement": 15.92489731647323
    },
    "system_health": {
      "cpu_usage": 94.0,
      "memory_usage": 244.796875,
      "training_fps": 0.17670697432323304
    }
  },
  "fitness_distribution": {
    "mean": 0.7066111418567611,
    "std": 5.078180948384516,
    "min": -1.7579223632812644,
    "max": 20.309765624999986,
    "median": -0.8812440490722662,
    "q25": -0.8822920608520514,
    "q75": -0.8105130004882818,
    "skewness": 3.3581331329048916,
    "kurtosis": 9.593517098572537,
    "coefficient_variation": 7.18666979272445
  },
  "diversity_metrics": {
    "genotypic": 20.377943630027126,
    "phenotypic": 2.1223480735414926,
    "behavioral": 0.1749728867561669
  }
}