{
  "timestamp": 1750720215.3265033,
  "generation": 0,
  "step_count": 5531,
  "population_health": {
    "population_health": "good",
    "diversity_status": {
      "genotypic_diversity": 20.377943630027126,
      "phenotypic_diversity": 2.047239324983752,
      "behavioral_diversity": 0.17116801927055483,
      "diversity_trend": "stable"
    },
    "evolutionary_dynamics": {
      "selection_pressure": {
        "selection_intensity": 10.296023488132906,
        "elite_advantage": 18.102970348342033,
        "selection_differential": 20.405732421875037,
        "effective_population_size": 0.00943324145164469
      },
      "mutation_effectiveness": {
        "average_mutation_impact": 0.0,
        "mutation_benefit_ratio": 0.0,
        "total_mutations": 0,
        "mutation_diversity": 0.0
      },
      "speciation_quality": {
        "species_count": 0,
        "species_size_distribution": [
          29,
          1
        ],
        "species_fitness_variance": [
          21.627942380594735,
          0.0
        ],
        "niche_formation_quality": 0.40213416845366495
      },
      "extinction_risk": 0.4
    },
    "fitness_landscape": {
      "distribution": {
        "mean": 0.5381730435850736,
        "std": 4.5822396285191305,
        "min": -1.7579223632812644,
        "max": 18.647810058593773,
        "median": -0.8813771057128912,
        "q25": -0.8824637222290045,
        "q75": -0.8281713104248053,
        "skewness": 3.3688501166478364,
        "kurtosis": 9.725018844854194,
        "coefficient_variation": 8.51443542767258
      },
      "pareto_front": {
        "pareto_front_size": 7,
        "pareto_front_ratio": 0.23333333333333334,
        "hypervolume": 19.62927392410541,
        "diversity_on_front": 13.103028467437266
      },
      "multi_objective": {
        "weighted_fitness": 0.4674502040827944,
        "balanced_performance": 0.48252386663683083,
        "trade_off_quality": 0.4674502040827944
      }
    }
  },
  "training_summary": {
    "training_health": "good",
    "performance_trends": {
      "fitness_trend": 0.9890506850733946,
      "convergence_speed": 0.053038436254212826,
      "improvement_rate": 0.0,
      "plateau_detected": false
    },
    "stability_metrics": {
      "training_variance": 0.7790904858312903,
      "elite_preservation": 0.3333333333333333,
      "diversity_maintenance": 1.0000000000000002,
      "forgetting_rate": 0.0
    },
    "efficiency_metrics": {
      "computational_efficiency": 0.2377973740607465,
      "memory_efficiency": 0.3013291151588932,
      "time_per_improvement": 4.273780807014034
    },
    "system_health": {
      "cpu_usage": 90.9,
      "memory_usage": 244.05078125,
      "training_fps": 0.1753395914558599
    }
  },
  "fitness_distribution": {
    "mean": 0.5381730435850736,
    "std": 4.5822396285191305,
    "min": -1.7579223632812644,
    "max": 18.647810058593773,
    "median": -0.8813771057128912,
    "q25": -0.8824637222290045,
    "q75": -0.8281713104248053,
    "skewness": 3.3688501166478364,
    "kurtosis": 9.725018844854194,
    "coefficient_variation": 8.51443542767258
  },
  "diversity_metrics": {
    "genotypic": 20.377943630027126,
    "phenotypic": 2.047239324983752,
    "behavioral": 0.17116801927055483
  }
}