{
  "timestamp": 1750720557.898052,
  "generation": 1,
  "step_count": 16636,
  "population_health": {
    "population_health": "excellent",
    "diversity_status": {
      "genotypic_diversity": 25.847676260537945,
      "phenotypic_diversity": 2.2912905710400766,
      "behavioral_diversity": 0.11681563432587413,
      "diversity_trend": "stable"
    },
    "evolutionary_dynamics": {
      "selection_pressure": {
        "selection_intensity": 1.488249534975873,
        "elite_advantage": 33.158263255871816,
        "selection_differential": 43.70349365234375,
        "effective_population_size": 0.4514903673276387
      },
      "mutation_effectiveness": {
        "average_mutation_impact": 0.0,
        "mutation_benefit_ratio": 0.0,
        "total_mutations": 0,
        "mutation_diversity": 0.0
      },
      "speciation_quality": {
        "species_count": 26,
        "species_size_distribution": [
          26,
          2,
          1,
          1
        ],
        "species_fitness_variance": [
          152.6518876895471,
          337.91842679318376,
          0.0,
          0.0
        ],
        "niche_formation_quality": 0.2874147224522684
      },
      "extinction_risk": 0.0
    },
    "fitness_landscape": {
      "distribution": {
        "mean": 8.613876229805266,
        "std": 12.684877214677979,
        "min": -1.9146875000000043,
        "max": 41.78880615234375,
        "median": 2.5759393310547467,
        "q25": -0.8774349975585944,
        "q75": 13.748648376464935,
        "skewness": 1.2763080035364327,
        "kurtosis": 0.33050818780384583,
        "coefficient_variation": 1.4726096447481398
      },
      "pareto_front": {
        "pareto_front_size": 9,
        "pareto_front_ratio": 0.3,
        "hypervolume": 113.30948257232149,
        "diversity_on_front": 21.424167363581052
      },
      "multi_objective": {
        "weighted_fitness": 5.330153991287701,
        "balanced_performance": 3.1965613878315455,
        "trade_off_quality": 3.1965613878315455
      }
    }
  },
  "training_summary": {
    "training_health": "excellent",
    "performance_trends": {
      "fitness_trend": 3.3900033180930396,
      "convergence_speed": 0.08112228202295531,
      "improvement_rate": 0.14943974980402416,
      "plateau_detected": false
    },
    "stability_metrics": {
      "training_variance": 0.5612547719679146,
      "elite_preservation": 0.8888888888888888,
      "diversity_maintenance": 0.0,
      "forgetting_rate": 0.0
    },
    "efficiency_metrics": {
      "computational_efficiency": 0.2622896937070955,
      "memory_efficiency": 0.5424640928451905,
      "time_per_improvement": 6.650459597373002
    },
    "system_health": {
      "cpu_usage": 84.4,
      "memory_usage": 284.29296875,
      "training_fps": 0.03257142888205392
    }
  },
  "fitness_distribution": {
    "mean": 8.613876229805266,
    "std": 12.684877214677979,
    "min": -1.9146875000000043,
    "max": 41.78880615234375,
    "median": 2.5759393310547467,
    "q25": -0.8774349975585944,
    "q75": 13.748648376464935,
    "skewness": 1.2763080035364327,
    "kurtosis": 0.33050818780384583,
    "coefficient_variation": 1.4726096447481398
  },
  "diversity_metrics": {
    "genotypic": 25.847676260537945,
    "phenotypic": 2.2912905710400766,
    "behavioral": 0.11681563432587413
  }
}