{
  "session_summary": {
    "start_time": 1750719986.7162132,
    "end_time": 1750720014.1477325,
    "total_generations": 0,
    "total_steps": 1705,
    "metrics_collected": 6
  },
  "final_population_state": {
    "population_health": "poor",
    "diversity_status": {
      "genotypic_diversity": 27.420320577834655,
      "phenotypic_diversity": 2.0404500758026045,
      "behavioral_diversity": 0.16474403664636195,
      "diversity_trend": "stable"
    },
    "evolutionary_dynamics": {
      "selection_pressure": {
        "selection_intensity": 0.0,
        "elite_advantage": 2.548232664966336,
        "selection_differential": 2.6553341674804702,
        "effective_population_size": 3.5694210582793024
      },
      "mutation_effectiveness": {
        "average_mutation_impact": 0.0,
        "mutation_benefit_ratio": 0.0,
        "total_mutations": 0,
        "mutation_diversity": 0.0
      },
      "speciation_quality": {
        "species_count": 0,
        "species_size_distribution": [
          26,
          2,
          2
        ],
        "species_fitness_variance": [
          0.25703340208051556,
          5.387816205620436e-06,
          1.4112899079918945e-05
        ],
        "niche_formation_quality": -0.04184633560888695
      },
      "extinction_risk": 0.6
    },
    "fitness_landscape": {
      "distribution": {
        "mean": -0.8040609120366479,
        "std": 0.47596012786704855,
        "min": -0.9814099121093756,
        "max": 1.7541717529296883,
        "median": -0.8823058733902878,
        "q25": -0.8834755706787115,
        "q75": -0.8816342163085944,
        "skewness": 5.167050772974745,
        "kurtosis": 24.822442127307454,
        "coefficient_variation": 0.0
      },
      "pareto_front": {
        "pareto_front_size": 16,
        "pareto_front_ratio": 0.5333333333333333,
        "hypervolume": 0.021254338923223107,
        "diversity_on_front": 4.108909858885015
      },
      "multi_objective": {
        "weighted_fitness": -0.337989466029178,
        "balanced_performance": 0.03272483130913521,
        "trade_off_quality": -0.337989466029178
      }
    }
  },
  "final_training_state": {
    "training_health": "excellent",
    "performance_trends": {
      "fitness_trend": 0.335479509626116,
      "convergence_speed": 0.0,
      "improvement_rate": 0.05412491499887967,
      "plateau_detected": false
    },
    "stability_metrics": {
      "training_variance": 0.0,
      "elite_preservation": 0.0,
      "diversity_maintenance": 0.0,
      "forgetting_rate": 0.0
    },
    "efficiency_metrics": {
      "computational_efficiency": 0.11937441006814262,
      "memory_efficiency": 0.02381186535606343,
      "time_per_improvement": 16.722493082008288
    },
    "system_health": {
      "cpu_usage": 88.8,
      "memory_usage": 276.30859375,
      "training_fps": 0.1821420010915916
    }
  },
  "performance_evolution": {
    "diversity_trend": "decreasing",
    "stability_trend": "declining",
    "total_generations": 1,
    "peak_diversity": 27.420320577834655,
    "final_diversity": 27.420320577834655
  },
  "recommendations": [
    "Consider adjusting evolution parameters to improve population health",
    "High extinction risk detected. Increase diversity preservation mechanisms"
  ]
}