{
  "timestamp": 1750720373.3572917,
  "generation": 0,
  "step_count": 5564,
  "population_health": {
    "population_health": "good",
    "diversity_status": {
      "genotypic_diversity": 25.847676260537945,
      "phenotypic_diversity": 2.1181114186607473,
      "behavioral_diversity": 0.1276483106732658,
      "diversity_trend": "insufficient_data"
    },
    "evolutionary_dynamics": {
      "selection_pressure": {
        "selection_intensity": 25.14705553690593,
        "elite_advantage": 12.380051473204055,
        "selection_differential": 14.31741210937501,
        "effective_population_size": 0.0015813416807489912
      },
      "mutation_effectiveness": {
        "average_mutation_impact": 0.0,
        "mutation_benefit_ratio": 0.0,
        "total_mutations": 0,
        "mutation_diversity": 0.0
      },
      "speciation_quality": {
        "species_count": 0,
        "species_size_distribution": [
          26,
          2,
          1,
          1
        ],
        "species_fitness_variance": [
          2.2319492869806417,
          1.2978727463632663e-05,
          0.0,
          0.0
        ],
        "niche_formation_quality": 0.2874147224522684
      },
      "extinction_risk": 0.4
    },
    "fitness_landscape": {
      "distribution": {
        "mean": 0.1905401609105361,
        "std": 2.6994058314556666,
        "min": -1.7301538085937502,
        "max": 12.587258300781258,
        "median": -0.8811627197265631,
        "q25": -0.8826968955993658,
        "q75": -0.7138218688964852,
        "skewness": 3.3624423391640326,
        "kurtosis": 12.097876166573027,
        "coefficient_variation": 14.167122660944495
      },
      "pareto_front": {
        "pareto_front_size": 6,
        "pareto_front_ratio": 0.2,
        "hypervolume": 3.344347091301326,
        "diversity_on_front": 12.943776038569547
      },
      "multi_objective": {
        "weighted_fitness": 0.2642137183650493,
        "balanced_performance": 0.36888497889028027,
        "trade_off_quality": 0.2642137183650493
      }
    }
  },
  "training_summary": {
    "training_health": "excellent",
    "performance_trends": {
      "fitness_trend": 0.0,
      "convergence_speed": 0.0,
      "improvement_rate": 0.0,
      "plateau_detected": false
    },
    "stability_metrics": {
      "training_variance": 0.0,
      "elite_preservation": 0.0,
      "diversity_maintenance": 0.0,
      "forgetting_rate": 0.0
    },
    "efficiency_metrics": {
      "computational_efficiency": 0.0,
      "memory_efficiency": 0.17688632184223538,
      "time_per_improvement": 0.0
    },
    "system_health": {
      "cpu_usage": 81.7,
      "memory_usage": 278.41796875,
      "training_fps": 0.03270078200972985
    }
  },
  "fitness_distribution": {
    "mean": 0.1905401609105361,
    "std": 2.6994058314556666,
    "min": -1.7301538085937502,
    "max": 12.587258300781258,
    "median": -0.8811627197265631,
    "q25": -0.8826968955993658,
    "q75": -0.7138218688964852,
    "skewness": 3.3624423391640326,
    "kurtosis": 12.097876166573027,
    "coefficient_variation": 14.167122660944495
  },
  "diversity_metrics": {
    "genotypic": 25.847676260537945,
    "phenotypic": 2.1181114186607473,
    "behavioral": 0.1276483106732658
  }
}