{
  "timestamp": 1750720403.96352,
  "generation": 0,
  "step_count": 7400,
  "population_health": {
    "population_health": "good",
    "diversity_status": {
      "genotypic_diversity": 25.847676260537945,
      "phenotypic_diversity": 2.0628216196031155,
      "behavioral_diversity": 0.11946708314846047,
      "diversity_trend": "stable"
    },
    "evolutionary_dynamics": {
      "selection_pressure": {
        "selection_intensity": 3.9972706723319145,
        "elite_advantage": 23.326361613177948,
        "selection_differential": 27.17146789550773,
        "effective_population_size": 0.06258537886477339
      },
      "mutation_effectiveness": {
        "average_mutation_impact": 0.0,
        "mutation_benefit_ratio": 0.0,
        "total_mutations": 0,
        "mutation_diversity": 0.0
      },
      "speciation_quality": {
        "species_count": 0,
        "species_size_distribution": [
          26,
          2,
          1,
          1
        ],
        "species_fitness_variance": [
          26.114252776712327,
          1.2978727463632663e-05,
          0.0,
          0.0
        ],
        "niche_formation_quality": 0.2874147224522684
      },
      "extinction_risk": 0.4
    },
    "fitness_landscape": {
      "distribution": {
        "mean": 1.5650314125381493,
        "std": 5.928051823423362,
        "min": -2.2634082031249663,
        "max": 24.908059692382764,
        "median": -0.8784893798828135,
        "q25": -0.8824737358093268,
        "q75": 1.6785132980346733,
        "skewness": 3.042974947500728,
        "kurtosis": 8.367642264622374,
        "coefficient_variation": 3.7878165102189985
      },
      "pareto_front": {
        "pareto_front_size": 8,
        "pareto_front_ratio": 0.26666666666666666,
        "hypervolume": 31.88152987784565,
        "diversity_on_front": 14.252004550211103
      },
      "multi_objective": {
        "weighted_fitness": 1.091024820497241,
        "balanced_performance": 0.8305759813588572,
        "trade_off_quality": 0.8305759813588572
      }
    }
  },
  "training_summary": {
    "training_health": "excellent",
    "performance_trends": {
      "fitness_trend": 5.959348937988273,
      "convergence_speed": 0.0,
      "improvement_rate": 0.19881949280914618,
      "plateau_detected": false
    },
    "stability_metrics": {
      "training_variance": 0.0,
      "elite_preservation": 0.0,
      "diversity_maintenance": 0.0,
      "forgetting_rate": 0.0
    },
    "efficiency_metrics": {
      "computational_efficiency": 0.0,
      "memory_efficiency": 0.33737900958994643,
      "time_per_improvement": 4.9598840524866805
    },
    "system_health": {
      "cpu_usage": 62.6,
      "memory_usage": 281.0859375,
      "training_fps": 0.03269347420388118
    }
  },
  "fitness_distribution": {
    "mean": 1.5650314125381493,
    "std": 5.928051823423362,
    "min": -2.2634082031249663,
    "max": 24.908059692382764,
    "median": -0.8784893798828135,
    "q25": -0.8824737358093268,
    "q75": 1.6785132980346733,
    "skewness": 3.042974947500728,
    "kurtosis": 8.367642264622374,
    "coefficient_variation": 3.7878165102189985
  },
  "diversity_metrics": {
    "genotypic": 25.847676260537945,
    "phenotypic": 2.0628216196031155,
    "behavioral": 0.11946708314846047
  }
}