{
  "timestamp": 1750720145.801861,
  "generation": 0,
  "step_count": 1360,
  "population_health": {
    "population_health": "poor",
    "diversity_status": {
      "genotypic_diversity": 20.377943630027126,
      "phenotypic_diversity": 2.03665363817198,
      "behavioral_diversity": 0.14434409326180342,
      "diversity_trend": "stable"
    },
    "evolutionary_dynamics": {
      "selection_pressure": {
        "selection_intensity": 0.0,
        "elite_advantage": 1.2520422263778728,
        "selection_differential": 1.3239050292968728,
        "effective_population_size": 15.535256163665096
      },
      "mutation_effectiveness": {
        "average_mutation_impact": 0.0,
        "mutation_benefit_ratio": 0.0,
        "total_mutations": 0,
        "mutation_diversity": 0.0
      },
      "speciation_quality": {
        "species_count": 0,
        "species_size_distribution": [
          29,
          1
        ],
        "species_fitness_variance": [
          0.05704011731393489,
          0.0
        ],
        "niche_formation_quality": 0.0475050677897558
      },
      "extinction_risk": 0.6
    },
    "fitness_landscape": {
      "distribution": {
        "mean": -0.833059478982042,
        "std": 0.23816587649985943,
        "min": -0.9982556152343752,
        "max": 0.42564941406249757,
        "median": -0.8816021728515631,
        "q25": -0.8823063659667975,
        "q75": -0.8773498535156257,
        "skewness": 4.899128085926741,
        "kurtosis": 23.021672139072557,
        "coefficient_variation": 0.0
      },
      "pareto_front": {
        "pareto_front_size": 12,
        "pareto_front_ratio": 0.4,
        "hypervolume": 0.0008820445604895262,
        "diversity_on_front": 4.7616921099047635
      },
      "multi_objective": {
        "weighted_fitness": -0.3573364169997422,
        "balanced_performance": 0.022034513210679802,
        "trade_off_quality": -0.3573364169997422
      }
    }
  },
  "training_summary": {
    "training_health": "excellent",
    "performance_trends": {
      "fitness_trend": 0.09735546874999945,
      "convergence_speed": 0.0,
      "improvement_rate": 0.0,
      "plateau_detected": false
    },
    "stability_metrics": {
      "training_variance": 0.0,
      "elite_preservation": 0.0,
      "diversity_maintenance": 0.0,
      "forgetting_rate": 0.0
    },
    "efficiency_metrics": {
      "computational_efficiency": 0.0,
      "memory_efficiency": 0.00859423061755654,
      "time_per_improvement": 44.53157537567849
    },
    "system_health": {
      "cpu_usage": 89.3,
      "memory_usage": 231.01171875,
      "training_fps": 0.18433817256650184
    }
  },
  "fitness_distribution": {
    "mean": -0.833059478982042,
    "std": 0.23816587649985943,
    "min": -0.9982556152343752,
    "max": 0.42564941406249757,
    "median": -0.8816021728515631,
    "q25": -0.8823063659667975,
    "q75": -0.8773498535156257,
    "skewness": 4.899128085926741,
    "kurtosis": 23.021672139072557,
    "coefficient_variation": 0.0
  },
  "diversity_metrics": {
    "genotypic": 20.377943630027126,
    "phenotypic": 2.03665363817198,
    "behavioral": 0.14434409326180342
  }
}