{
  "timestamp": 1750720157.003853,
  "generation": 0,
  "step_count": 2032,
  "population_health": {
    "population_health": "poor",
    "diversity_status": {
      "genotypic_diversity": 20.377943630027126,
      "phenotypic_diversity": 2.1073498355580877,
      "behavioral_diversity": 0.17622252388653403,
      "diversity_trend": "stable"
    },
    "evolutionary_dynamics": {
      "selection_pressure": {
        "selection_intensity": 0.0,
        "elite_advantage": 2.489799321714788,
        "selection_differential": 2.7552508544921857,
        "effective_population_size": 1.1690629626294682
      },
      "mutation_effectiveness": {
        "average_mutation_impact": 0.0,
        "mutation_benefit_ratio": 0.0,
        "total_mutations": 0,
        "mutation_diversity": 0.0
      },
      "speciation_quality": {
        "species_count": 0,
        "species_size_distribution": [
          29,
          1
        ],
        "species_fitness_variance": [
          0.47544871726262516,
          0.0
        ],
        "niche_formation_quality": 0.09708652052118416
      },
      "extinction_risk": 0.6
    },
    "fitness_landscape": {
      "distribution": {
        "mean": -0.6413445284205188,
        "std": 0.6824553017467287,
        "min": -1.0001293945312504,
        "max": 1.8551214599609354,
        "median": -0.8814839172363287,
        "q25": -0.8823061752319342,
        "q75": -0.8643148803710946,
        "skewness": 2.7178820541946456,
        "kurtosis": 5.90169684155323,
        "coefficient_variation": 0.0
      },
      "pareto_front": {
        "pareto_front_size": 8,
        "pareto_front_ratio": 0.26666666666666666,
        "hypervolume": 0.08325840688559136,
        "diversity_on_front": 7.133073269684187
      },
      "multi_objective": {
        "weighted_fitness": -0.24200914848743088,
        "balanced_performance": 0.0864366603568501,
        "trade_off_quality": -0.24200914848743088
      }
    }
  },
  "training_summary": {
    "training_health": "good",
    "performance_trends": {
      "fitness_trend": 0.38967483520507756,
      "convergence_speed": 0.0,
      "improvement_rate": 0.0,
      "plateau_detected": false
    },
    "stability_metrics": {
      "training_variance": 0.0,
      "elite_preservation": 0.0,
      "diversity_maintenance": 0.0,
      "forgetting_rate": 0.0
    },
    "efficiency_metrics": {
      "computational_efficiency": 0.0971400311292923,
      "memory_efficiency": 0.033868998270574775,
      "time_per_improvement": 17.16362492926865
    },
    "system_health": {
      "cpu_usage": 90.5,
      "memory_usage": 236.2578125,
      "training_fps": 0.1823798233136905
    }
  },
  "fitness_distribution": {
    "mean": -0.6413445284205188,
    "std": 0.6824553017467287,
    "min": -1.0001293945312504,
    "max": 1.8551214599609354,
    "median": -0.8814839172363287,
    "q25": -0.8823061752319342,
    "q75": -0.8643148803710946,
    "skewness": 2.7178820541946456,
    "kurtosis": 5.90169684155323,
    "coefficient_variation": 0.0
  },
  "diversity_metrics": {
    "genotypic": 20.377943630027126,
    "phenotypic": 2.1073498355580877,
    "behavioral": 0.17622252388653403
  }
}