{
  "timestamp": 1750720191.9570804,
  "generation": 0,
  "step_count": 4129,
  "population_health": {
    "population_health": "good",
    "diversity_status": {
      "genotypic_diversity": 20.377943630027126,
      "phenotypic_diversity": 1.9929249917961238,
      "behavioral_diversity": 0.14709170507118005,
      "diversity_trend": "stable"
    },
    "evolutionary_dynamics": {
      "selection_pressure": {
        "selection_intensity": 116.09877183691508,
        "elite_advantage": 18.55744842086609,
        "selection_differential": 20.21869018554689,
        "effective_population_size": 7.418989371947901e-05
      },
      "mutation_effectiveness": {
        "average_mutation_impact": 0.0,
        "mutation_benefit_ratio": 0.0,
        "total_mutations": 0,
        "mutation_diversity": 0.0
      },
      "speciation_quality": {
        "species_count": 0,
        "species_size_distribution": [
          29,
          1
        ],
        "species_fitness_variance": [
          14.040784306325587,
          0.0
        ],
        "niche_formation_quality": 0.2953068273307903
      },
      "extinction_risk": 0.4
    },
    "fitness_landscape": {
      "distribution": {
        "mean": 0.12510732457662474,
        "std": 3.690856019332849,
        "min": -1.5294677734375082,
        "max": 18.689222412109384,
        "median": -0.8814839172363287,
        "q25": -0.8824637222290045,
        "q75": -0.8598795509338389,
        "skewness": 4.361502349312799,
        "kurtosis": 18.562359390600122,
        "coefficient_variation": 29.501518251014172
      },
      "pareto_front": {
        "pareto_front_size": 5,
        "pareto_front_ratio": 0.16666666666666666,
        "hypervolume": 17.542663970635147,
        "diversity_on_front": 14.433290811889288
      },
      "multi_objective": {
        "weighted_fitness": 0.21905020958703886,
        "balanced_performance": 0.343901021816204,
        "trade_off_quality": 0.21905020958703886
      }
    }
  },
  "training_summary": {
    "training_health": "fair",
    "performance_trends": {
      "fitness_trend": 2.6887291814630667,
      "convergence_speed": 0.14386522468269988,
      "improvement_rate": 0.0,
      "plateau_detected": false
    },
    "stability_metrics": {
      "training_variance": 1.326816865534892,
      "elite_preservation": 0.7777777777777778,
      "diversity_maintenance": 1.0000000000000002,
      "forgetting_rate": 0.0
    },
    "efficiency_metrics": {
      "computational_efficiency": 0.38160866779166086,
      "memory_efficiency": 0.31832135849492105,
      "time_per_improvement": 2.6473081507671132
    },
    "system_health": {
      "cpu_usage": 90.4,
      "memory_usage": 240.7109375,
      "training_fps": 0.1767968227690047
    }
  },
  "fitness_distribution": {
    "mean": 0.12510732457662474,
    "std": 3.690856019332849,
    "min": -1.5294677734375082,
    "max": 18.689222412109384,
    "median": -0.8814839172363287,
    "q25": -0.8824637222290045,
    "q75": -0.8598795509338389,
    "skewness": 4.361502349312799,
    "kurtosis": 18.562359390600122,
    "coefficient_variation": 29.501518251014172
  },
  "diversity_metrics": {
    "genotypic": 20.377943630027126,
    "phenotypic": 1.9929249917961238,
    "behavioral": 0.14709170507118005
  }
}