{
  "timestamp": 1750720197.921435,
  "generation": 0,
  "step_count": 4487,
  "population_health": {
    "population_health": "good",
    "diversity_status": {
      "genotypic_diversity": 20.377943630027126,
      "phenotypic_diversity": 2.074877029071144,
      "behavioral_diversity": 0.13950657197866514,
      "diversity_trend": "stable"
    },
    "evolutionary_dynamics": {
      "selection_pressure": {
        "selection_intensity": 25.415970823320297,
        "elite_advantage": 18.413277824107567,
        "selection_differential": 20.296055297851584,
        "effective_population_size": 0.0015480557379997793
      },
      "mutation_effectiveness": {
        "average_mutation_impact": 0.0,
        "mutation_benefit_ratio": 0.0,
        "total_mutations": 0,
        "mutation_diversity": 0.0
      },
      "speciation_quality": {
        "species_count": 0,
        "species_size_distribution": [
          29,
          1
        ],
        "species_fitness_variance": [
          15.702993264537312,
          0.0
        ],
        "niche_formation_quality": 0.32679214507073717
      },
      "extinction_risk": 0.4
    },
    "fitness_landscape": {
      "distribution": {
        "mean": 0.24685055317108623,
        "std": 3.9038264242270895,
        "min": -1.6292602539062635,
        "max": 18.66679504394532,
        "median": -0.8814839172363287,
        "q25": -0.8824637222290045,
        "q75": -0.8598795509338389,
        "skewness": 3.896866201658568,
        "kurtosis": 14.500150235830212,
        "coefficient_variation": 15.814533830602521
      },
      "pareto_front": {
        "pareto_front_size": 6,
        "pareto_front_ratio": 0.2,
        "hypervolume": 17.300052502204498,
        "diversity_on_front": 13.747648251793938
      },
      "multi_objective": {
        "weighted_fitness": 0.2922603654743338,
        "balanced_performance": 0.3847557958987215,
        "trade_off_quality": 0.2922603654743338
      }
    }
  },
  "training_summary": {
    "training_health": "fair",
    "performance_trends": {
      "fitness_trend": 2.5072575498638723,
      "convergence_speed": 0.13431644500093845,
      "improvement_rate": 0.0,
      "plateau_detected": false
    },
    "stability_metrics": {
      "training_variance": 1.1293913587827555,
      "elite_preservation": 0.6666666666666666,
      "diversity_maintenance": 1.0000000000000002,
      "forgetting_rate": 0.0
    },
    "efficiency_metrics": {
      "computational_efficiency": 0.3555905283642997,
      "memory_efficiency": 0.31836335339709715,
      "time_per_improvement": 2.8583822168075494
    },
    "system_health": {
      "cpu_usage": 92.0,
      "memory_usage": 240.703125,
      "training_fps": 0.17605773097135155
    }
  },
  "fitness_distribution": {
    "mean": 0.24685055317108623,
    "std": 3.9038264242270895,
    "min": -1.6292602539062635,
    "max": 18.66679504394532,
    "median": -0.8814839172363287,
    "q25": -0.8824637222290045,
    "q75": -0.8598795509338389,
    "skewness": 3.896866201658568,
    "kurtosis": 14.500150235830212,
    "coefficient_variation": 15.814533830602521
  },
  "diversity_metrics": {
    "genotypic": 20.377943630027126,
    "phenotypic": 2.074877029071144,
    "behavioral": 0.13950657197866514
  }
}