{
  "timestamp": 1750720259.1044512,
  "generation": 0,
  "step_count": 8158,
  "population_health": {
    "population_health": "good",
    "diversity_status": {
      "genotypic_diversity": 20.377943630027126,
      "phenotypic_diversity": 2.059588323612075,
      "behavioral_diversity": 0.14114336521356338,
      "diversity_trend": "stable"
    },
    "evolutionary_dynamics": {
      "selection_pressure": {
        "selection_intensity": 5.02158341395601,
        "elite_advantage": 34.5568330861564,
        "selection_differential": 37.77444213867167,
        "effective_population_size": 0.03965688862606934
      },
      "mutation_effectiveness": {
        "average_mutation_impact": 0.0,
        "mutation_benefit_ratio": 0.0,
        "total_mutations": 0,
        "mutation_diversity": 0.0
      },
      "speciation_quality": {
        "species_count": 0,
        "species_size_distribution": [
          29,
          1
        ],
        "species_fitness_variance": [
          57.47627363399094,
          0.0
        ],
        "niche_formation_quality": 0.5333333333333333
      },
      "extinction_risk": 0.4
    },
    "fitness_landscape": {
      "distribution": {
        "mean": 1.5805065948329842,
        "std": 7.470219477768653,
        "min": -1.6304357910156173,
        "max": 36.14400634765605,
        "median": -0.8812817382812506,
        "q25": -0.8822920608520514,
        "q75": -0.6774910736084023,
        "skewness": 3.685109100893047,
        "kurtosis": 13.203226580884415,
        "coefficient_variation": 4.726471564364493
      },
      "pareto_front": {
        "pareto_front_size": 4,
        "pareto_front_ratio": 0.13333333333333333,
        "hypervolume": 84.5629378359063,
        "diversity_on_front": 24.272639470350253
      },
      "multi_objective": {
        "weighted_fitness": 1.0942552319510228,
        "balanced_performance": 0.8323098789186039,
        "trade_off_quality": 0.8323098789186039
      }
    }
  },
  "training_summary": {
    "training_health": "good",
    "performance_trends": {
      "fitness_trend": 2.1041723521839195,
      "convergence_speed": 0.05821635631492123,
      "improvement_rate": 0.0,
      "plateau_detected": "False"
    },
    "stability_metrics": {
      "training_variance": 0.21611085189684368,
      "elite_preservation": 0.7777777777777778,
      "diversity_maintenance": 1.0000000000000002,
      "forgetting_rate": 0.0
    },
    "efficiency_metrics": {
      "computational_efficiency": 0.35064493265625984,
      "memory_efficiency": 0.5548944902548695,
      "time_per_improvement": 2.8416796843161434
    },
    "system_health": {
      "cpu_usage": 92.6,
      "memory_usage": 246.62109375,
      "training_fps": 0.17774063007629448
    }
  },
  "fitness_distribution": {
    "mean": 1.5805065948329842,
    "std": 7.470219477768653,
    "min": -1.6304357910156173,
    "max": 36.14400634765605,
    "median": -0.8812817382812506,
    "q25": -0.8822920608520514,
    "q75": -0.6774910736084023,
    "skewness": 3.685109100893047,
    "kurtosis": 13.203226580884415,
    "coefficient_variation": 4.726471564364493
  },
  "diversity_metrics": {
    "genotypic": 20.377943630027126,
    "phenotypic": 2.059588323612075,
    "behavioral": 0.14114336521356338
  }
}