{
  "timestamp": 1750720242.6614556,
  "generation": 0,
  "step_count": 7172,
  "population_health": {
    "population_health": "good",
    "diversity_status": {
      "genotypic_diversity": 20.377943630027126,
      "phenotypic_diversity": 2.1358931079441885,
      "behavioral_diversity": 0.13943715780126406,
      "diversity_trend": "stable"
    },
    "evolutionary_dynamics": {
      "selection_pressure": {
        "selection_intensity": 6.451505480926784,
        "elite_advantage": 27.292799082421823,
        "selection_differential": 30.096035156249823,
        "effective_population_size": 0.0240258000744099
      },
      "mutation_effectiveness": {
        "average_mutation_impact": 0.0,
        "mutation_benefit_ratio": 0.0,
        "total_mutations": 0,
        "mutation_diversity": 0.0
      },
      "speciation_quality": {
        "species_count": 0,
        "species_size_distribution": [
          29,
          1
        ],
        "species_fitness_variance": [
          39.57295613793642,
          0.0
        ],
        "niche_formation_quality": 0.5333333333333333
      },
      "extinction_risk": 0.4
    },
    "fitness_landscape": {
      "distribution": {
        "mean": 1.0536470438800742,
        "std": 6.1976203037135145,
        "min": -1.742922363281262,
        "max": 28.353112792968563,
        "median": -0.8812817382812506,
        "q25": -0.8822920608520514,
        "q75": -0.6774910736084023,
        "skewness": 3.5845929784035433,
        "kurtosis": 11.714841646255605,
        "coefficient_variation": 5.882064909412801
      },
      "pareto_front": {
        "pareto_front_size": 5,
        "pareto_front_ratio": 0.16666666666666666,
        "hypervolume": 48.25702644499531,
        "diversity_on_front": 15.770223739433598
      },
      "multi_objective": {
        "weighted_fitness": 0.7774439019398828,
        "balanced_performance": 0.6555306962019775,
        "trade_off_quality": 0.6555306962019775
      }
    }
  },
  "training_summary": {
    "training_health": "good",
    "performance_trends": {
      "fitness_trend": 0.9962586558948646,
      "convergence_speed": 0.03513754074092112,
      "improvement_rate": 0.0,
      "plateau_detected": "False"
    },
    "stability_metrics": {
      "training_variance": 0.40776967651545687,
      "elite_preservation": 0.4444444444444444,
      "diversity_maintenance": 1.0000000000000002,
      "forgetting_rate": 0.05263157894736842
    },
    "efficiency_metrics": {
      "computational_efficiency": 0.1904105838397954,
      "memory_efficiency": 0.4376746789073777,
      "time_per_improvement": 5.246497498581895
    },
    "system_health": {
      "cpu_usage": 91.1,
      "memory_usage": 246.265625,
      "training_fps": 0.17710145691070064
    }
  },
  "fitness_distribution": {
    "mean": 1.0536470438800742,
    "std": 6.1976203037135145,
    "min": -1.742922363281262,
    "max": 28.353112792968563,
    "median": -0.8812817382812506,
    "q25": -0.8822920608520514,
    "q75": -0.6774910736084023,
    "skewness": 3.5845929784035433,
    "kurtosis": 11.714841646255605,
    "coefficient_variation": 5.882064909412801
  },
  "diversity_metrics": {
    "genotypic": 20.377943630027126,
    "phenotypic": 2.1358931079441885,
    "behavioral": 0.13943715780126406
  }
}