{
  "timestamp": 1750720174.291479,
  "generation": 0,
  "step_count": 3069,
  "population_health": {
    "population_health": "good",
    "diversity_status": {
      "genotypic_diversity": 20.377943630027126,
      "phenotypic_diversity": 2.0340134312542144,
      "behavioral_diversity": 0.14697290680069391,
      "diversity_trend": "stable"
    },
    "evolutionary_dynamics": {
      "selection_pressure": {
        "selection_intensity": 0.0,
        "elite_advantage": 17.082421929263806,
        "selection_differential": 18.162262573242177,
        "effective_population_size": 0.0012793777569324678
      },
      "mutation_effectiveness": {
        "average_mutation_impact": 0.0,
        "mutation_benefit_ratio": 0.0,
        "total_mutations": 0,
        "mutation_diversity": 0.0
      },
      "speciation_quality": {
        "species_count": 0,
        "species_size_distribution": [
          29,
          1
        ],
        "species_fitness_variance": [
          11.333470039176687,
          0.0
        ],
        "niche_formation_quality": 0.2564351785567254
      },
      "extinction_risk": 0.4
    },
    "fitness_landscape": {
      "distribution": {
        "mean": -0.025196384016426196,
        "std": 3.3156623933472615,
        "min": -1.0983703613281317,
        "max": 17.063892211914048,
        "median": -0.8814839172363287,
        "q25": -0.8824637222290045,
        "q75": -0.8598795509338389,
        "skewness": 4.612049096075522,
        "kurtosis": 20.60312024310469,
        "coefficient_variation": 0.0
      },
      "pareto_front": {
        "pareto_front_size": 9,
        "pareto_front_ratio": 0.3,
        "hypervolume": 7.196533122110425,
        "diversity_on_front": 9.91469329748048
      },
      "multi_objective": {
        "weighted_fitness": 0.12865080300582682,
        "balanced_performance": 0.29343781657621787,
        "trade_off_quality": 0.12865080300582682
      }
    }
  },
  "training_summary": {
    "training_health": "fair",
    "performance_trends": {
      "fitness_trend": 1.7553392814867408,
      "convergence_speed": 0.10286863393693725,
      "improvement_rate": 0.0,
      "plateau_detected": false
    },
    "stability_metrics": {
      "training_variance": 2.642681202194798,
      "elite_preservation": 0.6666666666666666,
      "diversity_maintenance": 0.0,
      "forgetting_rate": 0.0
    },
    "efficiency_metrics": {
      "computational_efficiency": 0.40072830913840163,
      "memory_efficiency": 0.29357233912970404,
      "time_per_improvement": 2.9297416350341936
    },
    "system_health": {
      "cpu_usage": 91.1,
      "memory_usage": 239.609375,
      "training_fps": 0.17937809324120343
    }
  },
  "fitness_distribution": {
    "mean": -0.025196384016426196,
    "std": 3.3156623933472615,
    "min": -1.0983703613281317,
    "max": 17.063892211914048,
    "median": -0.8814839172363287,
    "q25": -0.8824637222290045,
    "q75": -0.8598795509338389,
    "skewness": 4.612049096075522,
    "kurtosis": 20.60312024310469,
    "coefficient_variation": 0.0
  },
  "diversity_metrics": {
    "genotypic": 20.377943630027126,
    "phenotypic": 2.0340134312542144,
    "behavioral": 0.14697290680069391
  }
}