{
  "timestamp": 1750720003.2466352,
  "generation": 0,
  "step_count": 1052,
  "population_health": {
    "population_health": "poor",
    "diversity_status": {
      "genotypic_diversity": 27.420320577834655,
      "phenotypic_diversity": 2.1536524132873076,
      "behavioral_diversity": 0.08557292756442539,
      "diversity_trend": "insufficient_data"
    },
    "evolutionary_dynamics": {
      "selection_pressure": {
        "selection_intensity": 0.0,
        "elite_advantage": 0.0465294802027435,
        "selection_differential": 0.06734588623046789,
        "effective_population_size": 30.0
      },
      "mutation_effectiveness": {
        "average_mutation_impact": 0.0,
        "mutation_benefit_ratio": 0.0,
        "total_mutations": 0,
        "mutation_diversity": 0.0
      },
      "speciation_quality": {
        "species_count": 0,
        "species_size_distribution": [
          26,
          2,
          2
        ],
        "species_fitness_variance": [
          0.00011556622465726692,
          8.649431401862869e-07,
          1.4112899079918945e-05
        ],
        "niche_formation_quality": -0.06387833027574027
      },
      "extinction_risk": 0.6
    },
    "fitness_landscape": {
      "distribution": {
        "mean": -0.8903460085230572,
        "std": 0.031207340691141113,
        "min": -0.9814099121093756,
        "max": -0.8338165283203139,
        "median": -0.8823053011856979,
        "q25": -0.8846829223632818,
        "q75": -0.8815975952148443,
        "skewness": -2.058948941981708,
        "kurtosis": 3.9033199693072564,
        "coefficient_variation": 0.0
      },
      "pareto_front": {
        "pareto_front_size": 17,
        "pareto_front_ratio": 0.5666666666666667,
        "hypervolume": 0.0,
        "diversity_on_front": 2.3393675618825935
      },
      "multi_objective": {
        "weighted_fitness": -0.38989366352781296,
        "balanced_performance": 0.0037412331356834363,
        "trade_off_quality": -0.38989366352781296
      }
    }
  },
  "training_summary": {
    "training_health": "excellent",
    "performance_trends": {
      "fitness_trend": 0.0,
      "convergence_speed": 0.0,
      "improvement_rate": 0.0,
      "plateau_detected": false
    },
    "stability_metrics": {
      "training_variance": 0.0,
      "elite_preservation": 0.0,
      "diversity_maintenance": 0.0,
      "forgetting_rate": 0.0
    },
    "efficiency_metrics": {
      "computational_efficiency": 0.0,
      "memory_efficiency": 0.0017138265457788348,
      "time_per_improvement": 0.0
    },
    "system_health": {
      "cpu_usage": 88.2,
      "memory_usage": 268.34375,
      "training_fps": 0.18124101341557294
    }
  },
  "fitness_distribution": {
    "mean": -0.8903460085230572,
    "std": 0.031207340691141113,
    "min": -0.9814099121093756,
    "max": -0.8338165283203139,
    "median": -0.8823053011856979,
    "q25": -0.8846829223632818,
    "q75": -0.8815975952148443,
    "skewness": -2.058948941981708,
    "kurtosis": 3.9033199693072564,
    "coefficient_variation": 0.0
  },
  "diversity_metrics": {
    "genotypic": 27.420320577834655,
    "phenotypic": 2.1536524132873076,
    "behavioral": 0.08557292756442539
  }
}