{
  "timestamp": 1750720180.0940344,
  "generation": 0,
  "step_count": 3418,
  "population_health": {
    "population_health": "good",
    "diversity_status": {
      "genotypic_diversity": 20.377943630027126,
      "phenotypic_diversity": 2.067959971189189,
      "behavioral_diversity": 0.18338846717677112,
      "diversity_trend": "stable"
    },
    "evolutionary_dynamics": {
      "selection_pressure": {
        "selection_intensity": 0.0,
        "elite_advantage": 18.809056733592076,
        "selection_differential": 20.118955078124976,
        "effective_population_size": 0.00023869441937934843
      },
      "mutation_effectiveness": {
        "average_mutation_impact": 0.0,
        "mutation_benefit_ratio": 0.0,
        "total_mutations": 0,
        "mutation_diversity": 0.0
      },
      "speciation_quality": {
        "species_count": 0,
        "species_size_distribution": [
          29,
          1
        ],
        "species_fitness_variance": [
          13.54942990536079,
          0.0
        ],
        "niche_formation_quality": 0.2726126314210433
      },
      "extinction_risk": 0.2
    },
    "fitness_landscape": {
      "distribution": {
        "mean": 0.03735643372560302,
        "std": 3.624969256971679,
        "min": -1.2658752441406314,
        "max": 18.853079833984346,
        "median": -0.8814839172363287,
        "q25": -0.8824637222290045,
        "q75": -0.8598795509338389,
        "skewness": 4.692816144995283,
        "kurtosis": 21.25039532442938,
        "coefficient_variation": 97.03734793311467
      },
      "pareto_front": {
        "pareto_front_size": 10,
        "pareto_front_ratio": 0.3333333333333333,
        "hypervolume": 8.379161448276907,
        "diversity_on_front": 9.668230188901253
      },
      "multi_objective": {
        "weighted_fitness": 0.16628044278846799,
        "balanced_performance": 0.3144520043859335,
        "trade_off_quality": 0.16628044278846799
      }
    }
  },
  "training_summary": {
    "training_health": "fair",
    "performance_trends": {
      "fitness_trend": 2.3363793871330465,
      "convergence_speed": 0.12392560832005367,
      "improvement_rate": 0.0,
      "plateau_detected": false
    },
    "stability_metrics": {
      "training_variance": 2.017472122871555,
      "elite_preservation": 0.7777777777777778,
      "diversity_maintenance": 1.0000000000000002,
      "forgetting_rate": 0.0
    },
    "efficiency_metrics": {
      "computational_efficiency": 0.38998311852799983,
      "memory_efficiency": 0.3222963898163601,
      "time_per_improvement": 2.5939766674566163
    },
    "system_health": {
      "cpu_usage": 91.4,
      "memory_usage": 239.98046875,
      "training_fps": 0.1785175368488459
    }
  },
  "fitness_distribution": {
    "mean": 0.03735643372560302,
    "std": 3.624969256971679,
    "min": -1.2658752441406314,
    "max": 18.853079833984346,
    "median": -0.8814839172363287,
    "q25": -0.8824637222290045,
    "q75": -0.8598795509338389,
    "skewness": 4.692816144995283,
    "kurtosis": 21.25039532442938,
    "coefficient_variation": 97.03734793311467
  },
  "diversity_metrics": {
    "genotypic": 20.377943630027126,
    "phenotypic": 2.067959971189189,
    "behavioral": 0.18338846717677112
  }
}