{
  "timestamp": 1750720588.0963216,
  "generation": 1,
  "step_count": 18447,
  "population_health": {
    "population_health": "excellent",
    "diversity_status": {
      "genotypic_diversity": 25.847676260537945,
      "phenotypic_diversity": 1.9770851442342736,
      "behavioral_diversity": 0.1594520875524632,
      "diversity_trend": "stable"
    },
    "evolutionary_dynamics": {
      "selection_pressure": {
        "selection_intensity": 1.295326187938583,
        "elite_advantage": 50.41027603002143,
        "selection_differential": 67.40059082031254,
        "effective_population_size": 0.595993753888275
      },
      "mutation_effectiveness": {
        "average_mutation_impact": 0.0,
        "mutation_benefit_ratio": 0.0,
        "total_mutations": 0,
        "mutation_diversity": 0.0
      },
      "speciation_quality": {
        "species_count": 26,
        "species_size_distribution": [
          26,
          2,
          1,
          1
        ],
        "species_fitness_variance": [
          360.8790609449163,
          800.3248079408293,
          0.0,
          0.0
        ],
        "niche_formation_quality": 0.2874147224522684
      },
      "extinction_risk": 0.0
    },
    "fitness_landscape": {
      "distribution": {
        "mean": 15.058960623624438,
        "std": 19.38902953983966,
        "min": -1.9146875000000043,
        "max": 65.48590332031253,
        "median": 6.3024670410156265,
        "q25": -0.6865153503417998,
        "q75": 24.486735916137768,
        "skewness": 1.210972068996632,
        "kurtosis": 0.22069750926191212,
        "coefficient_variation": 1.2875410212191025
      },
      "pareto_front": {
        "pareto_front_size": 10,
        "pareto_front_ratio": 0.3333333333333333,
        "hypervolume": 331.7110214235992,
        "diversity_on_front": 31.33920967553476
      },
      "multi_objective": {
        "weighted_fitness": 9.205908633206443,
        "balanced_performance": 5.359429528483334,
        "trade_off_quality": 5.359429528483334
      }
    }
  },
  "training_summary": {
    "training_health": "excellent",
    "performance_trends": {
      "fitness_trend": 4.819688713304925,
      "convergence_speed": 0.07359887348167564,
      "improvement_rate": 0.21168263039686167,
      "plateau_detected": false
    },
    "stability_metrics": {
      "training_variance": 0.7132816521920253,
      "elite_preservation": 0.8888888888888888,
      "diversity_maintenance": 1.0000000000000002,
      "forgetting_rate": 0.0
    },
    "efficiency_metrics": {
      "computational_efficiency": 0.31943478953380355,
      "memory_efficiency": 0.8262390956136032,
      "time_per_improvement": 4.3640054126585905
    },
    "system_health": {
      "cpu_usage": 83.6,
      "memory_usage": 286.515625,
      "training_fps": 0.032625301874373805
    }
  },
  "fitness_distribution": {
    "mean": 15.058960623624438,
    "std": 19.38902953983966,
    "min": -1.9146875000000043,
    "max": 65.48590332031253,
    "median": 6.3024670410156265,
    "q25": -0.6865153503417998,
    "q75": 24.486735916137768,
    "skewness": 1.210972068996632,
    "kurtosis": 0.22069750926191212,
    "coefficient_variation": 1.2875410212191025
  },
  "diversity_metrics": {
    "genotypic": 25.847676260537945,
    "phenotypic": 1.9770851442342736,
    "behavioral": 0.1594520875524632
  }
}