{
  "timestamp": 1750720220.6276045,
  "generation": 0,
  "step_count": 5850,
  "population_health": {
    "population_health": "good",
    "diversity_status": {
      "genotypic_diversity": 20.377943630027126,
      "phenotypic_diversity": 2.0471285061896793,
      "behavioral_diversity": 0.1926285931374393,
      "diversity_trend": "stable"
    },
    "evolutionary_dynamics": {
      "selection_pressure": {
        "selection_intensity": 9.164456885983505,
        "elite_advantage": 18.01974268720921,
        "selection_differential": 20.400504760742216,
        "effective_population_size": 0.011906566314404557
      },
      "mutation_effectiveness": {
        "average_mutation_impact": 0.0,
        "mutation_benefit_ratio": 0.0,
        "total_mutations": 0,
        "mutation_diversity": 0.0
      },
      "speciation_quality": {
        "species_count": 0,
        "species_size_distribution": [
          29,
          1
        ],
        "species_fitness_variance": [
          23.669866470053375,
          0.0
        ],
        "niche_formation_quality": 0.42230658224676837
      },
      "extinction_risk": 0.4
    },
    "fitness_landscape": {
      "distribution": {
        "mean": 0.6161730435850736,
        "std": 4.793714720004565,
        "min": -1.7579223632812644,
        "max": 18.642582397460952,
        "median": -0.8813356018066412,
        "q25": -0.8822920608520514,
        "q75": -0.8105130004882818,
        "skewness": 3.3449239750024438,
        "kurtosis": 9.48832311639028,
        "coefficient_variation": 7.77981894844562
      },
      "pareto_front": {
        "pareto_front_size": 9,
        "pareto_front_ratio": 0.3,
        "hypervolume": 9.750451540860972,
        "diversity_on_front": 9.35399224045162
      },
      "multi_objective": {
        "weighted_fitness": 0.5143617777865033,
        "balanced_performance": 0.5087098228096792,
        "trade_off_quality": 0.5087098228096792
      }
    }
  },
  "training_summary": {
    "training_health": "good",
    "performance_trends": {
      "fitness_trend": 0.4117613044507637,
      "convergence_speed": 0.02208713877036928,
      "improvement_rate": 0.0,
      "plateau_detected": false
    },
    "stability_metrics": {
      "training_variance": 0.7058667534138164,
      "elite_preservation": 0.2222222222222222,
      "diversity_maintenance": 1.0000000000000002,
      "forgetting_rate": 0.0
    },
    "efficiency_metrics": {
      "computational_efficiency": 0.1282746186497101,
      "memory_efficiency": 0.3013479294143352,
      "time_per_improvement": 8.035319661415375
    },
    "system_health": {
      "cpu_usage": 94.6,
      "memory_usage": 244.046875,
      "training_fps": 0.17609116314079906
    }
  },
  "fitness_distribution": {
    "mean": 0.6161730435850736,
    "std": 4.793714720004565,
    "min": -1.7579223632812644,
    "max": 18.642582397460952,
    "median": -0.8813356018066412,
    "q25": -0.8822920608520514,
    "q75": -0.8105130004882818,
    "skewness": 3.3449239750024438,
    "kurtosis": 9.48832311639028,
    "coefficient_variation": 7.77981894844562
  },
  "diversity_metrics": {
    "genotypic": 20.377943630027126,
    "phenotypic": 2.0471285061896793,
    "behavioral": 0.1926285931374393
  }
}