{
  "timestamp": 1750720465.5590904,
  "generation": 1,
  "step_count": 11096,
  "population_health": {
    "population_health": "excellent",
    "diversity_status": {
      "genotypic_diversity": 25.847676260537945,
      "phenotypic_diversity": 2.2316696391738953,
      "behavioral_diversity": 0.14993778922121198,
      "diversity_trend": "stable"
    },
    "evolutionary_dynamics": {
      "selection_pressure": {
        "selection_intensity": 2.2929447551084534,
        "elite_advantage": 25.95995878114674,
        "selection_differential": 33.72474853515618,
        "effective_population_size": 0.1902010094678781
      },
      "mutation_effectiveness": {
        "average_mutation_impact": 0.0,
        "mutation_benefit_ratio": 0.0,
        "total_mutations": 0,
        "mutation_diversity": 0.0
      },
      "speciation_quality": {
        "species_count": 26,
        "species_size_distribution": [
          26,
          2,
          1,
          1
        ],
        "species_fitness_variance": [
          108.38112200060654,
          1.2978727463632663e-05,
          0.0,
          0.0
        ],
        "niche_formation_quality": 0.2874147224522684
      },
      "extinction_risk": 0.2
    },
    "fitness_landscape": {
      "distribution": {
        "mean": 4.832096476014722,
        "std": 10.895187684419298,
        "min": -2.9160266113280544,
        "max": 30.808721923828127,
        "median": -0.8742851257324227,
        "q25": -0.8823061196785427,
        "q75": 3.52527618408205,
        "skewness": 1.7183583683998334,
        "kurtosis": 1.1490027395619977,
        "coefficient_variation": 2.2547537571942518
      },
      "pareto_front": {
        "pareto_front_size": 9,
        "pareto_front_ratio": 0.3,
        "hypervolume": 76.65810399684784,
        "diversity_on_front": 19.581560245515824
      },
      "multi_objective": {
        "weighted_fitness": 3.0551798143186306,
        "balanced_performance": 1.9261242620767909,
        "trade_off_quality": 1.9261242620767909
      }
    }
  },
  "training_summary": {
    "training_health": "excellent",
    "performance_trends": {
      "fitness_trend": 5.870689043317534,
      "convergence_speed": 0.0,
      "improvement_rate": 0.16464136551494424,
      "plateau_detected": false
    },
    "stability_metrics": {
      "training_variance": 0.0,
      "elite_preservation": 0.0,
      "diversity_maintenance": 0.0,
      "forgetting_rate": 0.0
    },
    "efficiency_metrics": {
      "computational_efficiency": 0.185783402722575,
      "memory_efficiency": 0.4134315045604655,
      "time_per_improvement": 6.017810970610197
    },
    "system_health": {
      "cpu_usage": 63.8,
      "memory_usage": 281.77734375,
      "training_fps": 0.03261681558117551
    }
  },
  "fitness_distribution": {
    "mean": 4.832096476014722,
    "std": 10.895187684419298,
    "min": -2.9160266113280544,
    "max": 30.808721923828127,
    "median": -0.8742851257324227,
    "q25": -0.8823061196785427,
    "q75": 3.52527618408205,
    "skewness": 1.7183583683998334,
    "kurtosis": 1.1490027395619977,
    "coefficient_variation": 2.2547537571942518
  },
  "diversity_metrics": {
    "genotypic": 25.847676260537945,
    "phenotypic": 2.2316696391738953,
    "behavioral": 0.14993778922121198
  }
}