{
  "timestamp": 1750719992.5181053,
  "generation": 0,
  "step_count": 406,
  "population_health": {
    "population_health": "poor",
    "diversity_status": {
      "genotypic_diversity": 27.420320577834655,
      "phenotypic_diversity": 2.27082513468319,
      "behavioral_diversity": 0.06057533775404476,
      "diversity_trend": "insufficient_data"
    },
    "evolutionary_dynamics": {
      "selection_pressure": {
        "selection_intensity": 0.0,
        "elite_advantage": 0.014404958311468374,
        "selection_differential": 0.03328399658203118,
        "effective_population_size": 30.0
      },
      "mutation_effectiveness": {
        "average_mutation_impact": 0.0,
        "mutation_benefit_ratio": 0.0,
        "total_mutations": 0,
        "mutation_diversity": 0.0
      },
      "speciation_quality": {
        "species_count": 0,
        "species_size_distribution": [
          26,
          2,
          2
        ],
        "species_fitness_variance": [
          2.949842511177944e-05,
          9.989016689359032e-07,
          1.4112899079918945e-05
        ],
        "niche_formation_quality": -0.06400068067990408
      },
      "extinction_risk": 0.6
    },
    "fitness_landscape": {
      "distribution": {
        "mean": -0.8918011985458437,
        "std": 0.02948942451544837,
        "min": -0.9814099121093756,
        "max": -0.8673962402343756,
        "median": -0.8823053011856979,
        "q25": -0.8845196533203131,
        "q75": -0.8815975952148443,
        "skewness": -2.524503501119916,
        "kurtosis": 4.695743320347987,
        "coefficient_variation": 0.0
      },
      "pareto_front": {
        "pareto_front_size": 15,
        "pareto_front_ratio": 0.5,
        "hypervolume": 0.0,
        "diversity_on_front": 3.600931678052623
      },
      "multi_objective": {
        "weighted_fitness": -0.39060951069114297,
        "balanced_performance": 0.00351828121199083,
        "trade_off_quality": -0.39060951069114297
      }
    }
  },
  "training_summary": {
    "training_health": "excellent",
    "performance_trends": {
      "fitness_trend": 0.0,
      "convergence_speed": 0.0,
      "improvement_rate": 0.0,
      "plateau_detected": false
    },
    "stability_metrics": {
      "training_variance": 0.0,
      "elite_preservation": 0.0,
      "diversity_maintenance": 0.0,
      "forgetting_rate": 0.0
    },
    "efficiency_metrics": {
      "computational_efficiency": 0.0,
      "memory_efficiency": 0.001886061404082701,
      "time_per_improvement": 0.0
    },
    "system_health": {
      "cpu_usage": 82.4,
      "memory_usage": 262.34375,
      "training_fps": 0.17191299390150683
    }
  },
  "fitness_distribution": {
    "mean": -0.8918011985458437,
    "std": 0.02948942451544837,
    "min": -0.9814099121093756,
    "max": -0.8673962402343756,
    "median": -0.8823053011856979,
    "q25": -0.8845196533203131,
    "q75": -0.8815975952148443,
    "skewness": -2.524503501119916,
    "kurtosis": 4.695743320347987,
    "coefficient_variation": 0.0
  },
  "diversity_metrics": {
    "genotypic": 27.420320577834655,
    "phenotypic": 2.27082513468319,
    "behavioral": 0.06057533775404476
  }
}