{
  "timestamp": 1750720186.026508,
  "generation": 0,
  "step_count": 3773,
  "population_health": {
    "population_health": "good",
    "diversity_status": {
      "genotypic_diversity": 20.377943630027126,
      "phenotypic_diversity": 2.042890597755923,
      "behavioral_diversity": 0.16547643839000192,
      "diversity_trend": "stable"
    },
    "evolutionary_dynamics": {
      "selection_pressure": {
        "selection_intensity": 0.0,
        "elite_advantage": 18.692649999681837,
        "selection_differential": 20.154780273437485,
        "effective_population_size": 0.00016928635402053385
      },
      "mutation_effectiveness": {
        "average_mutation_impact": 0.0,
        "mutation_benefit_ratio": 0.0,
        "total_mutations": 0,
        "mutation_diversity": 0.0
      },
      "speciation_quality": {
        "species_count": 0,
        "species_size_distribution": [
          29,
          1
        ],
        "species_fitness_variance": [
          13.415517782485908,
          0.0
        ],
        "niche_formation_quality": 0.2749577693665802
      },
      "extinction_risk": 0.2
    },
    "fitness_landscape": {
      "distribution": {
        "mean": 0.04642430044834568,
        "std": 3.607167319318958,
        "min": -1.409039306640633,
        "max": 18.745740966796852,
        "median": -0.8814839172363287,
        "q25": -0.8824637222290045,
        "q75": -0.8598795509338389,
        "skewness": 4.6741838597171865,
        "kurtosis": 21.12742625229704,
        "coefficient_variation": 77.69998221798727
      },
      "pareto_front": {
        "pareto_front_size": 10,
        "pareto_front_ratio": 0.3333333333333333,
        "hypervolume": 8.553104786308403,
        "diversity_on_front": 9.395397968739633
      },
      "multi_objective": {
        "weighted_fitness": 0.1717310235995693,
        "balanced_performance": 0.31749106125594084,
        "trade_off_quality": 0.1717310235995693
      }
    }
  },
  "training_summary": {
    "training_health": "fair",
    "performance_trends": {
      "fitness_trend": 2.632603885535034,
      "convergence_speed": 0.14043744070709177,
      "improvement_rate": 0.0,
      "plateau_detected": false
    },
    "stability_metrics": {
      "training_variance": 1.6046840940373657,
      "elite_preservation": 0.7777777777777778,
      "diversity_maintenance": 1.0000000000000002,
      "forgetting_rate": 0.0
    },
    "efficiency_metrics": {
      "computational_efficiency": 0.38397973339776104,
      "memory_efficiency": 0.31627709288990774,
      "time_per_improvement": 2.6228020546490516
    },
    "system_health": {
      "cpu_usage": 91.2,
      "memory_usage": 241.09375,
      "training_fps": 0.17767204505849923
    }
  },
  "fitness_distribution": {
    "mean": 0.04642430044834568,
    "std": 3.607167319318958,
    "min": -1.409039306640633,
    "max": 18.745740966796852,
    "median": -0.8814839172363287,
    "q25": -0.8824637222290045,
    "q75": -0.8598795509338389,
    "skewness": 4.6741838597171865,
    "kurtosis": 21.12742625229704,
    "coefficient_variation": 77.69998221798727
  },
  "diversity_metrics": {
    "genotypic": 20.377943630027126,
    "phenotypic": 2.042890597755923,
    "behavioral": 0.16547643839000192
  }
}