{
  "timestamp": 1750720168.7249722,
  "generation": 0,
  "step_count": 2735,
  "population_health": {
    "population_health": "good",
    "diversity_status": {
      "genotypic_diversity": 20.377943630027126,
      "phenotypic_diversity": 2.060110269886901,
      "behavioral_diversity": 0.1833649802853176,
      "diversity_trend": "stable"
    },
    "evolutionary_dynamics": {
      "selection_pressure": {
        "selection_intensity": 0.0,
        "elite_advantage": 12.363622282409414,
        "selection_differential": 13.091460571289058,
        "effective_population_size": 0.01284299710503568
      },
      "mutation_effectiveness": {
        "average_mutation_impact": 0.0,
        "mutation_benefit_ratio": 0.0,
        "total_mutations": 0,
        "mutation_diversity": 0.0
      },
      "speciation_quality": {
        "species_count": 0,
        "species_size_distribution": [
          29,
          1
        ],
        "species_fitness_variance": [
          6.375909948880422,
          0.0
        ],
        "niche_formation_quality": 0.21422768555570845
      },
      "extinction_risk": 0.4
    },
    "fitness_landscape": {
      "distribution": {
        "mean": -0.18839869028702513,
        "std": 2.4880393876905096,
        "min": -1.0003308105468753,
        "max": 12.181890258789055,
        "median": -0.8816021728515631,
        "q25": -0.8824637222290045,
        "q75": -0.8703250122070318,
        "skewness": 4.2497240917767645,
        "kurtosis": 17.66106164787934,
        "coefficient_variation": 0.0
      },
      "pareto_front": {
        "pareto_front_size": 9,
        "pareto_front_ratio": 0.3,
        "hypervolume": 3.489806671579626,
        "diversity_on_front": 8.985379270386915
      },
      "multi_objective": {
        "weighted_fitness": 0.030464657278991666,
        "balanced_performance": 0.23859577787855854,
        "trade_off_quality": 0.030464657278991666
      }
    }
  },
  "training_summary": {
    "training_health": "good",
    "performance_trends": {
      "fitness_trend": 1.2963012797037747,
      "convergence_speed": 0.0,
      "improvement_rate": 0.0,
      "plateau_detected": false
    },
    "stability_metrics": {
      "training_variance": 0.0,
      "elite_preservation": 0.0,
      "diversity_maintenance": 0.0,
      "forgetting_rate": 0.0
    },
    "efficiency_metrics": {
      "computational_efficiency": 0.3326581068613538,
      "memory_efficiency": 0.21227717012116248,
      "time_per_improvement": 3.6449633621062483
    },
    "system_health": {
      "cpu_usage": 90.3,
      "memory_usage": 238.87109375,
      "training_fps": 0.1792629634626406
    }
  },
  "fitness_distribution": {
    "mean": -0.18839869028702513,
    "std": 2.4880393876905096,
    "min": -1.0003308105468753,
    "max": 12.181890258789055,
    "median": -0.8816021728515631,
    "q25": -0.8824637222290045,
    "q75": -0.8703250122070318,
    "skewness": 4.2497240917767645,
    "kurtosis": 17.66106164787934,
    "coefficient_variation": 0.0
  },
  "diversity_metrics": {
    "genotypic": 20.377943630027126,
    "phenotypic": 2.060110269886901,
    "behavioral": 0.1833649802853176
  }
}