{
  "timestamp": 1750720203.6611152,
  "generation": 0,
  "step_count": 4832,
  "population_health": {
    "population_health": "good",
    "diversity_status": {
      "genotypic_diversity": 20.377943630027126,
      "phenotypic_diversity": 2.078246654083015,
      "behavioral_diversity": 0.1442233642729985,
      "diversity_trend": "stable"
    },
    "evolutionary_dynamics": {
      "selection_pressure": {
        "selection_intensity": 16.1286415990056,
        "elite_advantage": 18.301866041405763,
        "selection_differential": 20.365791015625028,
        "effective_population_size": 0.0038441862167498536
      },
      "mutation_effectiveness": {
        "average_mutation_impact": 0.0,
        "mutation_benefit_ratio": 0.0,
        "total_mutations": 0,
        "mutation_diversity": 0.0
      },
      "speciation_quality": {
        "species_count": 0,
        "species_size_distribution": [
          29,
          1
        ],
        "species_fitness_variance": [
          17.646476772489798,
          0.0
        ],
        "niche_formation_quality": 0.3534185317440234
      },
      "extinction_risk": 0.4
    },
    "fitness_landscape": {
      "distribution": {
        "mean": 0.34980591497445934,
        "std": 4.1386418745458915,
        "min": -1.7074523925781386,
        "max": 18.65833862304689,
        "median": -0.8814839172363287,
        "q25": -0.8824637222290045,
        "q75": -0.8598795509338389,
        "skewness": 3.6103725903247352,
        "kurtosis": 11.889589686400738,
        "coefficient_variation": 11.831251838174518
      },
      "pareto_front": {
        "pareto_front_size": 10,
        "pareto_front_ratio": 0.3333333333333333,
        "hypervolume": 11.476380911740524,
        "diversity_on_front": 10.517079362898638
      },
      "multi_objective": {
        "weighted_fitness": 0.3541685694010468,
        "balanced_performance": 0.4192992279076608,
        "trade_off_quality": 0.3541685694010468
      }
    }
  },
  "training_summary": {
    "training_health": "good",
    "performance_trends": {
      "fitness_trend": 2.171509991270124,
      "convergence_speed": 0.11638281602349429,
      "improvement_rate": 0.0,
      "plateau_detected": false
    },
    "stability_metrics": {
      "training_variance": 0.9825008099589082,
      "elite_preservation": 0.5555555555555556,
      "diversity_maintenance": 1.0000000000000002,
      "forgetting_rate": 0.0
    },
    "efficiency_metrics": {
      "computational_efficiency": 0.3397625933670287,
      "memory_efficiency": 0.3086320781110112,
      "time_per_improvement": 2.994681322029924
    },
    "system_health": {
      "cpu_usage": 91.9,
      "memory_usage": 242.5703125,
      "training_fps": 0.1759449802789369
    }
  },
  "fitness_distribution": {
    "mean": 0.34980591497445934,
    "std": 4.1386418745458915,
    "min": -1.7074523925781386,
    "max": 18.65833862304689,
    "median": -0.8814839172363287,
    "q25": -0.8824637222290045,
    "q75": -0.8598795509338389,
    "skewness": 3.6103725903247352,
    "kurtosis": 11.889589686400738,
    "coefficient_variation": 11.831251838174518
  },
  "diversity_metrics": {
    "genotypic": 20.377943630027126,
    "phenotypic": 2.078246654083015,
    "behavioral": 0.1442233642729985
  }
}